area,part_of,ts,cases,fatalities,recovered,tested,hospitalized,ventilated
FBiH,BA,2020-02-21,0,0,0,0,,
FBiH,BA,2020-02-22,0,0,0,0,,
FBiH,BA,2020-02-23,0,0,0,0,,
FBiH,BA,2020-02-24,0,0,0,0,,
FBiH,BA,2020-02-25,0,0,0,0,,
FBiH,BA,2020-02-26,0,0,0,0,,
FBiH,BA,2020-02-27,0,0,0,0,,
FBiH,BA,2020-02-28,0,0,0,0,,
FBiH,BA,2020-02-29,0,0,0,0,,
FBiH,BA,2020-03-01,0,0,0,0,,
FBiH,BA,2020-03-02,0,0,0,0,,
FBiH,BA,2020-03-03,0,0,0,3,,
FBiH,BA,2020-03-04,0,0,0,4,,
FBiH,BA,2020-03-05,0,0,0,7,,
FBiH,BA,2020-03-06,0,0,0,9,,
FBiH,BA,2020-03-07,0,0,0,12,,
FBiH,BA,2020-03-08,0,0,0,13,,
FBiH,BA,2020-03-09,1,0,0,19,,
FBiH,BA,2020-03-10,3,0,0,27,,
FBiH,BA,2020-03-11,3,0,0,33,,
FBiH,BA,2020-03-12,3,0,0,45,,
FBiH,BA,2020-03-13,3,0,0,51,,
FBiH,BA,2020-03-14,3,0,0,59,,
FBiH,BA,2020-03-15,4,0,0,64,,
FBiH,BA,2020-03-16,5,0,0,75,,
FBiH,BA,2020-03-17,9,0,0,108,,
FBiH,BA,2020-03-18,15,0,0,141,,
FBiH,BA,2020-03-19,23,0,1,200,,
FBiH,BA,2020-03-20,31,1,1,264,,
FBiH,BA,2020-03-21,34,1,1,301,,
FBiH,BA,2020-03-22,36,1,1,319,,
FBiH,BA,2020-03-23,45,1,1,368,,
FBiH,BA,2020-03-24,52,2,2,441,,
FBiH,BA,2020-03-25,62,3,2,485,,
FBiH,BA,2020-03-26,74,3,2,563,,
FBiH,BA,2020-03-27,83,4,6,636,,
FBiH,BA,2020-03-28,113,5,7,775,,
FBiH,BA,2020-03-29,128,5,8,907,,
FBiH,BA,2020-03-30,172,9,9,1185,,
FBiH,BA,2020-03-31,193,9,9,1417,,
FBiH,BA,2020-04-01,241,10,9,1816,,
FBiH,BA,2020-04-02,268,12,11,2089,,
FBiH,BA,2020-04-03,302,13,11,2428,,
FBiH,BA,2020-04-04,324,14,16,2759,,
FBiH,BA,2020-04-05,362,17,19,3306,,
FBiH,BA,2020-04-06,386,19,23,3602,,
FBiH,BA,2020-04-07,426,21,27,4015,,
FBiH,BA,2020-04-08,453,21,36,4639,,
FBiH,BA,2020-04-09,494,21,45,5062,,
FBiH,BA,2020-04-10,524,22,52,5414,,
FBiH,BA,2020-04-11,549,23,59,5807,,
FBiH,BA,2020-04-12,585,24,62,6332,,
FBiH,BA,2020-04-13,607,25,65,6726,,
FBiH,BA,2020-04-14,628,25,81,7399,,
FBiH,BA,2020-04-15,655,26,90,7928,,
FBiH,BA,2020-04-16,672,28,107,8617,,
FBiH,BA,2020-04-17,709,28,151,9226,,
FBiH,BA,2020-04-18,718,31,162,9905,,
FBiH,BA,2020-04-19,726,31,177,10355,,
FBiH,BA,2020-04-20,744,33,203,10870,,
FBiH,BA,2020-04-21,756,33,223,11658,,
FBiH,BA,2020-04-22,775,33,240,12491,,
FBiH,BA,2020-04-23,778,33,268,13351,,
FBiH,BA,2020-04-24,790,33,287,14236,,
FBiH,BA,2020-04-25,818,33,318,15176,,
FBiH,BA,2020-04-26,830,33,331,15638,,
FBiH,BA,2020-04-27,846,33,350,16389,,
FBiH,BA,2020-04-28,880,33,395,17081,,
FBiH,BA,2020-04-29,902,33,425,17875,,
FBiH,BA,2020-04-30,908,33,475,18647,,
FBiH,BA,2020-05-01,922,33,521,19285,,
FBiH,BA,2020-05-02,931,33,542,19754,,
FBiH,BA,2020-05-03,931,33,545,19962,,
FBiH,BA,2020-05-04,935,33,599,20548,,
FBiH,BA,2020-05-05,946,33,622,21239,,
FBiH,BA,2020-05-06,957,34,638,22027,,
FBiH,BA,2020-05-07,974,35,677,22784,,
FBiH,BA,2020-05-08,981,35,705,23651,,
FBiH,BA,2020-05-09,985,36,726,24136,,
FBiH,BA,2020-05-10,985,36,729,24334,,
FBiH,BA,2020-05-11,987,37,755,25003,,
FBiH,BA,2020-05-12,988,37,785,25858,,
FBiH,BA,2020-05-13,994,37,801,26534,,
FBiH,BA,2020-05-14,1002,37,820,27574,,
FBiH,BA,2020-05-15,1003,37,838,28533,,
FBiH,BA,2020-05-16,1005,37,858,29519,,
FBiH,BA,2020-05-17,1005,37,866,30051,,
FBiH,BA,2020-05-18,1010,37,872,30917,,
FBiH,BA,2020-05-19,1012,37,883,31954,,
FBiH,BA,2020-05-20,1015,37,896,32645,,
FBiH,BA,2020-05-21,1016,37,911,33384,,
FBiH,BA,2020-05-22,1023,37,925,33970,,
FBiH,BA,2020-05-23,1026,38,933,34492,,
FBiH,BA,2020-05-24,1026,38,934,34575,,
FBiH,BA,2020-05-25,1027,38,935,34928,,
FBiH,BA,2020-05-26,1042,39,940,35342,,
FBiH,BA,2020-05-27,1065,39,943,35820,,
FBiH,BA,2020-05-28,1076,39,950,36364,,
FBiH,BA,2020-05-29,1084,39,956,36868,,
FBiH,BA,2020-05-30,1087,39,958,37317,,
FBiH,BA,2020-05-31,1087,39,958,37447,,
FBiH,BA,2020-06-01,1089,39,958,37768,,
FBiH,BA,2020-06-02,1098,39,961,38396,,
FBiH,BA,2020-06-03,1110,39,961,38945,,
FBiH,BA,2020-06-04,1110,40,968,39321,,
FBiH,BA,2020-06-05,1118,40,968,39959,,
FBiH,BA,2020-06-06,1135,40,968,40320,,
FBiH,BA,2020-06-07,1150,40,968,40575,,
FBiH,BA,2020-06-08,1169,40,969,40880,,
FBiH,BA,2020-06-09,1189,40,984,41475,,
FBiH,BA,2020-06-10,1226,40,989,42165,,
FBiH,BA,2020-06-11,1262,40,1003,42887,,
FBiH,BA,2020-06-12,1293,41,1012,43433,,
FBiH,BA,2020-06-13,1310,41,1014,43942,,
FBiH,BA,2020-06-14,1336,42,1026,44540,,
FBiH,BA,2020-06-15,1366,45,1030,45071,,
FBiH,BA,2020-06-16,1393,45,1031,45631,,
FBiH,BA,2020-06-17,1415,45,1040,46284,,
FBiH,BA,2020-06-18,1485,46,1052,47045,,
FBiH,BA,2020-06-19,1495,46,1056,47507,,
FBiH,BA,2020-06-20,1557,46,1056,48375,,
FBiH,BA,2020-06-21,1587,46,1058,48873,,
FBiH,BA,2020-06-22,1619,47,1064,49603,,
FBiH,BA,2020-06-23,1672,48,1078,50365,,
FBiH,BA,2020-06-24,1726,49,1107,50950,,
FBiH,BA,2020-06-25,1797,53,1128,51904,,
FBiH,BA,2020-06-26,1901,54,1146,52976,,
FBiH,BA,2020-06-27,1976,56,1160,53561,,
FBiH,BA,2020-06-28,2081,57,1166,54150,,
FBiH,BA,2020-06-29,2146,57,1200,55089,,
FBiH,BA,2020-06-30,2225,59,1214,55999,,
FBiH,BA,2020-07-01,2371,59,1282,57220,,
FBiH,BA,2020-07-02,2473,59,1294,58748,,
FBiH,BA,2020-07-03,2623,60,1323,59783,,
FBiH,BA,2020-07-04,2745,61,1327,60449,,
FBiH,BA,2020-07-05,2801,64,1331,61186,,
FBiH,BA,2020-07-06,2870,69,1377,62027,,
FBiH,BA,2020-07-07,2992,70,1449,63183,,
FBiH,BA,2020-07-08,3108,70,1500,64586,,
FBiH,BA,2020-07-09,3246,74,1548,65529,,
FBiH,BA,2020-07-10,3427,76,1574,66785,,
FBiH,BA,2020-07-11,3586,80,1591,67567,,
FBiH,BA,2020-07-12,3681,82,1609,68202,,
FBiH,BA,2020-07-13,3818,84,1675,69037,,
FBiH,BA,2020-07-14,3931,88,1713,70031,,
FBiH,BA,2020-07-15,4126,91,1913,71229,,
FBiH,BA,2020-07-16,4261,95,1950,72627,,
FBiH,BA,2020-07-17,4413,99,1981,73936,,
FBiH,BA,2020-07-18,4591,104,2019,74818,,
FBiH,BA,2020-07-19,4704,107,2149,75472,,
FBiH,BA,2020-07-20,4819,110,2271,76525,,
FBiH,BA,2020-07-21,5037,114,2390,77885,,
FBiH,BA,2020-07-22,5220,114,2467,78967,,
FBiH,BA,2020-07-23,5402,118,2641,80200,,
FBiH,BA,2020-07-24,5569,121,2783,81411,,
FBiH,BA,2020-07-25,5742,128,2847,82227,,
FBiH,BA,2020-07-26,5872,133,2866,82509,,
FBiH,BA,2020-07-27,6077,142,2938,83374,,
FBiH,BA,2020-07-28,6243,147,3226,84405,,
FBiH,BA,2020-07-29,6439,150,3386,85539,,
FBiH,BA,2020-07-30,6772,159,3680,86899,,
FBiH,BA,2020-07-31,6943,166,3728,87708,,
FBiH,BA,2020-08-01,7051,167,3747,88182,,
FBiH,BA,2020-08-02,7166,169,3774,88636,,
FBiH,BA,2020-08-03,7425,176,3968,89831,,
FBiH,BA,2020-08-04,7672,182,4195,91021,,
FBiH,BA,2020-08-05,7835,186,4275,91996,,
FBiH,BA,2020-08-06,8004,186,4566,92559,,
FBiH,BA,2020-08-07,8285,193,4663,93828,,
FBiH,BA,2020-08-08,8497,201,4851,94614,,
FBiH,BA,2020-08-09,8597,208,4911,95131,,
FBiH,BA,2020-08-10,8611,212,4927,95285,,
Unsko-sanski kanton,FBiH,2020-02-21,0,0,0,0,,
Unsko-sanski kanton,FBiH,2020-02-22,0,0,0,0,,
Unsko-sanski kanton,FBiH,2020-02-23,0,0,0,0,,
Unsko-sanski kanton,FBiH,2020-02-24,0,0,0,0,,
Unsko-sanski kanton,FBiH,2020-02-25,0,0,0,0,,
Unsko-sanski kanton,FBiH,2020-02-26,0,0,0,0,,
Unsko-sanski kanton,FBiH,2020-02-27,0,0,0,0,,
Unsko-sanski kanton,FBiH,2020-02-28,0,0,0,0,,
Unsko-sanski kanton,FBiH,2020-02-29,0,0,0,0,,
Unsko-sanski kanton,FBiH,2020-03-01,0,0,0,0,,
Unsko-sanski kanton,FBiH,2020-03-02,0,0,0,0,,
Unsko-sanski kanton,FBiH,2020-03-03,0,0,0,0,,
Unsko-sanski kanton,FBiH,2020-03-04,0,0,0,0,,
Unsko-sanski kanton,FBiH,2020-03-05,0,0,0,0,,
Unsko-sanski kanton,FBiH,2020-03-06,0,0,0,0,,
Unsko-sanski kanton,FBiH,2020-03-07,0,0,0,0,,
Unsko-sanski kanton,FBiH,2020-03-08,0,0,0,0,,
Unsko-sanski kanton,FBiH,2020-03-09,0,0,0,0,,
Unsko-sanski kanton,FBiH,2020-03-10,0,0,0,0,,
Unsko-sanski kanton,FBiH,2020-03-11,0,0,0,1,,
Unsko-sanski kanton,FBiH,2020-03-12,0,0,0,1,,
Unsko-sanski kanton,FBiH,2020-03-13,0,0,0,1,,
Unsko-sanski kanton,FBiH,2020-03-14,0,0,0,1,,
Unsko-sanski kanton,FBiH,2020-03-15,0,0,0,1,,
Unsko-sanski kanton,FBiH,2020-03-16,0,0,0,1,,
Unsko-sanski kanton,FBiH,2020-03-17,1,0,0,6,,
Unsko-sanski kanton,FBiH,2020-03-18,1,0,0,6,,
Unsko-sanski kanton,FBiH,2020-03-19,2,0,0,8,,
Unsko-sanski kanton,FBiH,2020-03-20,2,1,0,8,,
Unsko-sanski kanton,FBiH,2020-03-21,4,1,0,13,,
Unsko-sanski kanton,FBiH,2020-03-22,4,1,0,13,,
Unsko-sanski kanton,FBiH,2020-03-23,5,1,0,17,,
Unsko-sanski kanton,FBiH,2020-03-24,6,1,0,21,,
Unsko-sanski kanton,FBiH,2020-03-25,6,1,0,24,,
Unsko-sanski kanton,FBiH,2020-03-26,6,1,0,24,,
Unsko-sanski kanton,FBiH,2020-03-27,7,2,0,27,,
Unsko-sanski kanton,FBiH,2020-03-28,7,2,0,37,,
Unsko-sanski kanton,FBiH,2020-03-29,7,2,0,37,,
Unsko-sanski kanton,FBiH,2020-03-30,9,2,0,46,,
Unsko-sanski kanton,FBiH,2020-03-31,12,2,0,59,,
Unsko-sanski kanton,FBiH,2020-04-01,19,2,0,92,,
Unsko-sanski kanton,FBiH,2020-04-02,19,3,0,92,,
Unsko-sanski kanton,FBiH,2020-04-03,25,3,0,141,,
Unsko-sanski kanton,FBiH,2020-04-04,32,3,0,191,,
Unsko-sanski kanton,FBiH,2020-04-05,33,4,0,199,,
Unsko-sanski kanton,FBiH,2020-04-06,36,5,2,255,,
Unsko-sanski kanton,FBiH,2020-04-07,41,5,2,353,,
Unsko-sanski kanton,FBiH,2020-04-08,43,5,5,404,,
Unsko-sanski kanton,FBiH,2020-04-09,43,5,5,429,,
Unsko-sanski kanton,FBiH,2020-04-10,45,5,5,523,,
Unsko-sanski kanton,FBiH,2020-04-11,46,5,5,542,,
Unsko-sanski kanton,FBiH,2020-04-12,50,6,5,562,,
Unsko-sanski kanton,FBiH,2020-04-13,54,6,5,658,,
Unsko-sanski kanton,FBiH,2020-04-14,58,6,10,739,,
Unsko-sanski kanton,FBiH,2020-04-15,66,6,13,812,,
Unsko-sanski kanton,FBiH,2020-04-16,67,6,13,867,,
Unsko-sanski kanton,FBiH,2020-04-17,67,6,13,950,,
Unsko-sanski kanton,FBiH,2020-04-18,68,7,14,1044,,
Unsko-sanski kanton,FBiH,2020-04-19,68,7,15,1056,,
Unsko-sanski kanton,FBiH,2020-04-20,69,7,15,1083,,
Unsko-sanski kanton,FBiH,2020-04-21,73,7,21,1197,,
Unsko-sanski kanton,FBiH,2020-04-22,77,7,21,1327,,
Unsko-sanski kanton,FBiH,2020-04-23,78,7,31,1450,,
Unsko-sanski kanton,FBiH,2020-04-24,78,7,31,1491,,
Unsko-sanski kanton,FBiH,2020-04-25,80,7,37,1611,,
Unsko-sanski kanton,FBiH,2020-04-26,80,7,40,1673,,
Unsko-sanski kanton,FBiH,2020-04-27,81,7,41,1679,,
Unsko-sanski kanton,FBiH,2020-04-28,90,7,47,1738,,
Unsko-sanski kanton,FBiH,2020-04-29,90,7,49,1832,,
Unsko-sanski kanton,FBiH,2020-04-30,90,7,53,1896,,
Unsko-sanski kanton,FBiH,2020-05-01,90,7,54,1910,,
Unsko-sanski kanton,FBiH,2020-05-02,92,7,56,2076,,
Unsko-sanski kanton,FBiH,2020-05-03,92,7,56,2078,,
Unsko-sanski kanton,FBiH,2020-05-04,92,7,60,2108,,
Unsko-sanski kanton,FBiH,2020-05-05,101,7,60,2230,,
Unsko-sanski kanton,FBiH,2020-05-06,101,7,62,2276,,
Unsko-sanski kanton,FBiH,2020-05-07,102,7,64,2351,,
Unsko-sanski kanton,FBiH,2020-05-08,103,7,65,2440,,
Unsko-sanski kanton,FBiH,2020-05-09,106,8,65,2611,,
Unsko-sanski kanton,FBiH,2020-05-10,106,8,65,2615,,
Unsko-sanski kanton,FBiH,2020-05-11,106,8,65,2740,,
Unsko-sanski kanton,FBiH,2020-05-12,106,8,68,2809,,
Unsko-sanski kanton,FBiH,2020-05-13,106,8,73,2890,,
Unsko-sanski kanton,FBiH,2020-05-14,107,8,75,2986,,
Unsko-sanski kanton,FBiH,2020-05-15,107,8,78,3024,,
Unsko-sanski kanton,FBiH,2020-05-16,107,8,79,3067,,
Unsko-sanski kanton,FBiH,2020-05-17,107,8,79,3068,,
Unsko-sanski kanton,FBiH,2020-05-18,107,8,79,3083,,
Unsko-sanski kanton,FBiH,2020-05-19,107,8,83,3168,,
Unsko-sanski kanton,FBiH,2020-05-20,107,8,83,3190,,
Unsko-sanski kanton,FBiH,2020-05-21,107,8,90,3331,,
Unsko-sanski kanton,FBiH,2020-05-22,107,8,90,3412,,
Unsko-sanski kanton,FBiH,2020-05-23,107,9,93,3529,,
Unsko-sanski kanton,FBiH,2020-05-24,107,9,93,3529,,
Unsko-sanski kanton,FBiH,2020-05-25,107,9,93,3530,,
Unsko-sanski kanton,FBiH,2020-05-26,107,9,93,3532,,
Unsko-sanski kanton,FBiH,2020-05-27,107,9,93,3558,,
Unsko-sanski kanton,FBiH,2020-05-28,107,9,96,3620,,
Unsko-sanski kanton,FBiH,2020-05-29,107,9,96,3636,,
Unsko-sanski kanton,FBiH,2020-05-30,107,9,97,3703,,
Unsko-sanski kanton,FBiH,2020-05-31,107,9,97,3703,,
Unsko-sanski kanton,FBiH,2020-06-01,107,9,97,3704,,
Unsko-sanski kanton,FBiH,2020-06-02,108,9,97,3747,,
Unsko-sanski kanton,FBiH,2020-06-03,108,9,97,3759,,
Unsko-sanski kanton,FBiH,2020-06-04,108,9,97,3814,,
Unsko-sanski kanton,FBiH,2020-06-05,108,9,97,3856,,
Unsko-sanski kanton,FBiH,2020-06-06,108,9,97,3879,,
Unsko-sanski kanton,FBiH,2020-06-07,108,9,97,3879,,
Unsko-sanski kanton,FBiH,2020-06-08,108,9,97,3880,,
Unsko-sanski kanton,FBiH,2020-06-09,111,9,98,3932,,
Unsko-sanski kanton,FBiH,2020-06-10,111,9,98,3962,,
Unsko-sanski kanton,FBiH,2020-06-11,128,9,98,4018,,
Unsko-sanski kanton,FBiH,2020-06-12,128,9,98,4066,,
Unsko-sanski kanton,FBiH,2020-06-13,128,9,98,4068,,
Unsko-sanski kanton,FBiH,2020-06-14,131,9,98,4200,,
Unsko-sanski kanton,FBiH,2020-06-15,131,10,98,4286,,
Unsko-sanski kanton,FBiH,2020-06-16,131,10,98,4349,,
Unsko-sanski kanton,FBiH,2020-06-17,131,10,98,4405,,
Unsko-sanski kanton,FBiH,2020-06-18,132,10,99,4415,,
Unsko-sanski kanton,FBiH,2020-06-19,132,10,99,4427,,
Unsko-sanski kanton,FBiH,2020-06-20,133,10,99,4446,,
Unsko-sanski kanton,FBiH,2020-06-21,135,10,100,4506,,
Unsko-sanski kanton,FBiH,2020-06-22,135,10,100,4570,,
Unsko-sanski kanton,FBiH,2020-06-23,136,10,100,4573,,
Unsko-sanski kanton,FBiH,2020-06-24,136,10,101,4631,,
Unsko-sanski kanton,FBiH,2020-06-25,136,10,101,4674,,
Unsko-sanski kanton,FBiH,2020-06-26,136,10,105,4717,,
Unsko-sanski kanton,FBiH,2020-06-27,141,10,108,4777,,
Unsko-sanski kanton,FBiH,2020-06-28,141,10,111,4808,,
Unsko-sanski kanton,FBiH,2020-06-29,141,10,111,4818,,
Unsko-sanski kanton,FBiH,2020-06-30,141,10,111,4831,,
Unsko-sanski kanton,FBiH,2020-07-01,142,10,111,4860,,
Unsko-sanski kanton,FBiH,2020-07-02,143,10,114,4985,,
Unsko-sanski kanton,FBiH,2020-07-03,144,10,115,4988,,
Unsko-sanski kanton,FBiH,2020-07-04,150,10,115,5029,,
Unsko-sanski kanton,FBiH,2020-07-05,152,11,117,5068,,
Unsko-sanski kanton,FBiH,2020-07-06,152,11,119,5116,,
Unsko-sanski kanton,FBiH,2020-07-07,159,11,119,5124,,
Unsko-sanski kanton,FBiH,2020-07-08,168,11,120,5218,,
Unsko-sanski kanton,FBiH,2020-07-09,170,11,120,5279,,
Unsko-sanski kanton,FBiH,2020-07-10,174,11,122,5339,,
Unsko-sanski kanton,FBiH,2020-07-11,180,11,123,5402,,
Unsko-sanski kanton,FBiH,2020-07-12,188,11,123,5434,,
Unsko-sanski kanton,FBiH,2020-07-13,188,11,123,5455,,
Unsko-sanski kanton,FBiH,2020-07-14,190,12,124,5462,,
Unsko-sanski kanton,FBiH,2020-07-15,203,12,125,5539,,
Unsko-sanski kanton,FBiH,2020-07-16,205,13,125,5615,,
Unsko-sanski kanton,FBiH,2020-07-17,206,13,126,5670,,
Unsko-sanski kanton,FBiH,2020-07-18,212,13,126,5702,,
Unsko-sanski kanton,FBiH,2020-07-19,212,13,131,5757,,
Unsko-sanski kanton,FBiH,2020-07-20,213,13,132,5781,,
Unsko-sanski kanton,FBiH,2020-07-21,218,13,139,5818,,
Unsko-sanski kanton,FBiH,2020-07-22,230,13,141,5883,,
Unsko-sanski kanton,FBiH,2020-07-23,235,13,141,5927,,
Unsko-sanski kanton,FBiH,2020-07-24,235,13,144,6021,,
Unsko-sanski kanton,FBiH,2020-07-25,248,13,145,6071,,
Unsko-sanski kanton,FBiH,2020-07-26,255,14,145,6078,,
Unsko-sanski kanton,FBiH,2020-07-27,257,15,147,6124,,
Unsko-sanski kanton,FBiH,2020-07-28,258,15,149,6158,,
Unsko-sanski kanton,FBiH,2020-07-29,260,15,160,6186,,
Unsko-sanski kanton,FBiH,2020-07-30,274,15,163,6258,,
Unsko-sanski kanton,FBiH,2020-07-31,286,15,163,6308,,
Unsko-sanski kanton,FBiH,2020-08-01,286,15,163,6308,,
Unsko-sanski kanton,FBiH,2020-08-02,297,15,163,6329,,
Unsko-sanski kanton,FBiH,2020-08-03,306,15,163,6403,,
Unsko-sanski kanton,FBiH,2020-08-04,314,15,163,6454,,
Unsko-sanski kanton,FBiH,2020-08-05,319,15,199,6480,,
Unsko-sanski kanton,FBiH,2020-08-06,330,15,199,6492,,
Unsko-sanski kanton,FBiH,2020-08-07,345,15,216,6534,,
Unsko-sanski kanton,FBiH,2020-08-08,355,15,216,6574,,
Unsko-sanski kanton,FBiH,2020-08-09,355,15,216,6576,,
Unsko-sanski kanton,FBiH,2020-08-10,355,15,230,6576,,
Posavski kanton,FBiH,2020-02-21,0,0,0,0,,
Posavski kanton,FBiH,2020-02-22,0,0,0,0,,
Posavski kanton,FBiH,2020-02-23,0,0,0,0,,
Posavski kanton,FBiH,2020-02-24,0,0,0,0,,
Posavski kanton,FBiH,2020-02-25,0,0,0,0,,
Posavski kanton,FBiH,2020-02-26,0,0,0,0,,
Posavski kanton,FBiH,2020-02-27,0,0,0,0,,
Posavski kanton,FBiH,2020-02-28,0,0,0,0,,
Posavski kanton,FBiH,2020-02-29,0,0,0,0,,
Posavski kanton,FBiH,2020-03-01,0,0,0,0,,
Posavski kanton,FBiH,2020-03-02,0,0,0,0,,
Posavski kanton,FBiH,2020-03-03,0,0,0,0,,
Posavski kanton,FBiH,2020-03-04,0,0,0,0,,
Posavski kanton,FBiH,2020-03-05,0,0,0,0,,
Posavski kanton,FBiH,2020-03-06,0,0,0,0,,
Posavski kanton,FBiH,2020-03-07,0,0,0,0,,
Posavski kanton,FBiH,2020-03-08,0,0,0,0,,
Posavski kanton,FBiH,2020-03-09,0,0,0,0,,
Posavski kanton,FBiH,2020-03-10,0,0,0,0,,
Posavski kanton,FBiH,2020-03-11,0,0,0,0,,
Posavski kanton,FBiH,2020-03-12,0,0,0,0,,
Posavski kanton,FBiH,2020-03-13,0,0,0,1,,
Posavski kanton,FBiH,2020-03-14,0,0,0,1,,
Posavski kanton,FBiH,2020-03-15,1,0,0,2,,
Posavski kanton,FBiH,2020-03-16,1,0,0,2,,
Posavski kanton,FBiH,2020-03-17,1,0,0,2,,
Posavski kanton,FBiH,2020-03-18,1,0,0,2,,
Posavski kanton,FBiH,2020-03-19,1,0,0,3,,
Posavski kanton,FBiH,2020-03-20,1,0,0,3,,
Posavski kanton,FBiH,2020-03-21,1,0,0,3,,
Posavski kanton,FBiH,2020-03-22,1,0,0,3,,
Posavski kanton,FBiH,2020-03-23,1,0,0,3,,
Posavski kanton,FBiH,2020-03-24,1,0,0,3,,
Posavski kanton,FBiH,2020-03-25,1,0,0,3,,
Posavski kanton,FBiH,2020-03-26,1,0,0,6,,
Posavski kanton,FBiH,2020-03-27,1,0,0,6,,
Posavski kanton,FBiH,2020-03-28,1,0,0,6,,
Posavski kanton,FBiH,2020-03-29,1,0,0,8,,
Posavski kanton,FBiH,2020-03-30,1,0,1,8,,
Posavski kanton,FBiH,2020-03-31,1,0,1,8,,
Posavski kanton,FBiH,2020-04-01,2,0,1,12,,
Posavski kanton,FBiH,2020-04-02,2,0,1,12,,
Posavski kanton,FBiH,2020-04-03,2,0,1,12,,
Posavski kanton,FBiH,2020-04-04,2,0,1,12,,
Posavski kanton,FBiH,2020-04-05,3,0,1,14,,
Posavski kanton,FBiH,2020-04-06,3,0,1,14,,
Posavski kanton,FBiH,2020-04-07,3,0,1,14,,
Posavski kanton,FBiH,2020-04-08,3,0,1,16,,
Posavski kanton,FBiH,2020-04-09,3,0,1,16,,
Posavski kanton,FBiH,2020-04-10,3,0,1,16,,
Posavski kanton,FBiH,2020-04-11,3,0,1,16,,
Posavski kanton,FBiH,2020-04-12,3,0,1,16,,
Posavski kanton,FBiH,2020-04-13,3,0,1,16,,
Posavski kanton,FBiH,2020-04-14,3,0,1,16,,
Posavski kanton,FBiH,2020-04-15,3,0,1,16,,
Posavski kanton,FBiH,2020-04-16,3,0,1,16,,
Posavski kanton,FBiH,2020-04-17,3,0,1,16,,
Posavski kanton,FBiH,2020-04-18,3,0,1,16,,
Posavski kanton,FBiH,2020-04-19,3,0,1,16,,
Posavski kanton,FBiH,2020-04-20,3,0,1,16,,
Posavski kanton,FBiH,2020-04-21,3,0,1,16,,
Posavski kanton,FBiH,2020-04-22,3,0,1,16,,
Posavski kanton,FBiH,2020-04-23,3,0,1,17,,
Posavski kanton,FBiH,2020-04-24,3,0,3,19,,
Posavski kanton,FBiH,2020-04-25,3,0,3,19,,
Posavski kanton,FBiH,2020-04-26,3,0,3,19,,
Posavski kanton,FBiH,2020-04-27,3,0,3,20,,
Posavski kanton,FBiH,2020-04-28,3,0,3,21,,
Posavski kanton,FBiH,2020-04-29,3,0,3,22,,
Posavski kanton,FBiH,2020-04-30,3,0,3,23,,
Posavski kanton,FBiH,2020-05-01,3,0,3,25,,
Posavski kanton,FBiH,2020-05-02,3,0,3,25,,
Posavski kanton,FBiH,2020-05-03,3,0,3,25,,
Posavski kanton,FBiH,2020-05-04,3,0,3,25,,
Posavski kanton,FBiH,2020-05-05,3,0,3,25,,
Posavski kanton,FBiH,2020-05-06,3,0,3,25,,
Posavski kanton,FBiH,2020-05-07,3,0,3,25,,
Posavski kanton,FBiH,2020-05-08,3,0,3,26,,
Posavski kanton,FBiH,2020-05-09,3,0,3,26,,
Posavski kanton,FBiH,2020-05-10,3,0,3,27,,
Posavski kanton,FBiH,2020-05-11,3,0,3,27,,
Posavski kanton,FBiH,2020-05-12,3,0,3,31,,
Posavski kanton,FBiH,2020-05-13,3,0,3,31,,
Posavski kanton,FBiH,2020-05-14,3,0,3,31,,
Posavski kanton,FBiH,2020-05-15,3,0,3,31,,
Posavski kanton,FBiH,2020-05-16,3,0,3,32,,
Posavski kanton,FBiH,2020-05-17,3,0,3,32,,
Posavski kanton,FBiH,2020-05-18,3,0,3,32,,
Posavski kanton,FBiH,2020-05-19,3,0,3,33,,
Posavski kanton,FBiH,2020-05-20,3,0,3,34,,
Posavski kanton,FBiH,2020-05-21,3,0,3,35,,
Posavski kanton,FBiH,2020-05-22,3,0,3,35,,
Posavski kanton,FBiH,2020-05-23,3,0,3,35,,
Posavski kanton,FBiH,2020-05-24,3,0,3,35,,
Posavski kanton,FBiH,2020-05-25,3,0,3,35,,
Posavski kanton,FBiH,2020-05-26,3,0,3,36,,
Posavski kanton,FBiH,2020-05-27,3,0,3,80,,
Posavski kanton,FBiH,2020-05-28,3,0,3,88,,
Posavski kanton,FBiH,2020-05-29,3,0,3,89,,
Posavski kanton,FBiH,2020-05-30,3,0,3,99,,
Posavski kanton,FBiH,2020-05-31,3,0,3,99,,
Posavski kanton,FBiH,2020-06-01,3,0,3,108,,
Posavski kanton,FBiH,2020-06-02,3,0,3,109,,
Posavski kanton,FBiH,2020-06-03,3,0,3,147,,
Posavski kanton,FBiH,2020-06-04,3,0,3,155,,
Posavski kanton,FBiH,2020-06-05,3,0,3,158,,
Posavski kanton,FBiH,2020-06-06,3,0,3,167,,
Posavski kanton,FBiH,2020-06-07,3,0,3,167,,
Posavski kanton,FBiH,2020-06-08,3,0,3,167,,
Posavski kanton,FBiH,2020-06-09,3,0,3,170,,
Posavski kanton,FBiH,2020-06-10,3,0,3,176,,
Posavski kanton,FBiH,2020-06-11,3,0,3,180,,
Posavski kanton,FBiH,2020-06-12,3,0,3,181,,
Posavski kanton,FBiH,2020-06-13,3,0,3,199,,
Posavski kanton,FBiH,2020-06-14,3,0,3,203,,
Posavski kanton,FBiH,2020-06-15,3,0,3,203,,
Posavski kanton,FBiH,2020-06-16,3,0,3,203,,
Posavski kanton,FBiH,2020-06-17,3,0,3,204,,
Posavski kanton,FBiH,2020-06-18,3,0,3,225,,
Posavski kanton,FBiH,2020-06-19,3,0,3,225,,
Posavski kanton,FBiH,2020-06-20,3,0,3,232,,
Posavski kanton,FBiH,2020-06-21,3,0,3,237,,
Posavski kanton,FBiH,2020-06-22,3,0,3,238,,
Posavski kanton,FBiH,2020-06-23,3,0,3,240,,
Posavski kanton,FBiH,2020-06-24,3,0,3,240,,
Posavski kanton,FBiH,2020-06-25,3,0,3,246,,
Posavski kanton,FBiH,2020-06-26,3,0,3,253,,
Posavski kanton,FBiH,2020-06-27,3,0,3,253,,
Posavski kanton,FBiH,2020-06-28,3,0,3,260,,
Posavski kanton,FBiH,2020-06-29,3,0,3,262,,
Posavski kanton,FBiH,2020-06-30,3,0,3,271,,
Posavski kanton,FBiH,2020-07-01,3,0,3,273,,
Posavski kanton,FBiH,2020-07-02,3,0,3,274,,
Posavski kanton,FBiH,2020-07-03,3,0,3,274,,
Posavski kanton,FBiH,2020-07-04,3,0,3,274,,
Posavski kanton,FBiH,2020-07-05,3,0,3,274,,
Posavski kanton,FBiH,2020-07-06,3,0,3,286,,
Posavski kanton,FBiH,2020-07-07,4,0,3,313,,
Posavski kanton,FBiH,2020-07-08,4,0,3,314,,
Posavski kanton,FBiH,2020-07-09,4,0,3,315,,
Posavski kanton,FBiH,2020-07-10,4,0,3,320,,
Posavski kanton,FBiH,2020-07-11,5,0,3,322,,
Posavski kanton,FBiH,2020-07-12,6,0,3,344,,
Posavski kanton,FBiH,2020-07-13,8,0,3,347,,
Posavski kanton,FBiH,2020-07-14,8,0,3,352,,
Posavski kanton,FBiH,2020-07-15,8,0,3,365,,
Posavski kanton,FBiH,2020-07-16,9,0,3,379,,
Posavski kanton,FBiH,2020-07-17,9,0,3,384,,
Posavski kanton,FBiH,2020-07-18,9,0,3,385,,
Posavski kanton,FBiH,2020-07-19,9,0,3,399,,
Posavski kanton,FBiH,2020-07-20,10,0,3,408,,
Posavski kanton,FBiH,2020-07-21,10,0,3,449,,
Posavski kanton,FBiH,2020-07-22,10,0,3,467,,
Posavski kanton,FBiH,2020-07-23,10,0,3,475,,
Posavski kanton,FBiH,2020-07-24,10,0,3,482,,
Posavski kanton,FBiH,2020-07-25,10,0,3,482,,
Posavski kanton,FBiH,2020-07-26,10,0,4,482,,
Posavski kanton,FBiH,2020-07-27,10,0,5,495,,
Posavski kanton,FBiH,2020-07-28,10,0,5,511,,
Posavski kanton,FBiH,2020-07-29,10,0,7,521,,
Posavski kanton,FBiH,2020-07-30,10,0,8,522,,
Posavski kanton,FBiH,2020-07-31,10,0,8,522,,
Posavski kanton,FBiH,2020-08-01,10,0,8,522,,
Posavski kanton,FBiH,2020-08-02,10,0,9,522,,
Posavski kanton,FBiH,2020-08-03,10,0,9,526,,
Posavski kanton,FBiH,2020-08-04,10,0,9,526,,
Posavski kanton,FBiH,2020-08-05,11,0,10,546,,
Posavski kanton,FBiH,2020-08-06,11,0,10,547,,
Posavski kanton,FBiH,2020-08-07,13,0,10,568,,
Posavski kanton,FBiH,2020-08-08,13,0,10,579,,
Posavski kanton,FBiH,2020-08-09,14,0,10,582,,
Posavski kanton,FBiH,2020-08-10,14,0,10,582,,
Tuzlanski kanton,FBiH,2020-02-21,0,0,0,0,,
Tuzlanski kanton,FBiH,2020-02-22,0,0,0,0,,
Tuzlanski kanton,FBiH,2020-02-23,0,0,0,0,,
Tuzlanski kanton,FBiH,2020-02-24,0,0,0,0,,
Tuzlanski kanton,FBiH,2020-02-25,0,0,0,0,,
Tuzlanski kanton,FBiH,2020-02-26,0,0,0,0,,
Tuzlanski kanton,FBiH,2020-02-27,0,0,0,0,,
Tuzlanski kanton,FBiH,2020-02-28,0,0,0,0,,
Tuzlanski kanton,FBiH,2020-02-29,0,0,0,0,,
Tuzlanski kanton,FBiH,2020-03-01,0,0,0,0,,
Tuzlanski kanton,FBiH,2020-03-02,0,0,0,0,,
Tuzlanski kanton,FBiH,2020-03-03,0,0,0,1,,
Tuzlanski kanton,FBiH,2020-03-04,0,0,0,2,,
Tuzlanski kanton,FBiH,2020-03-05,0,0,0,3,,
Tuzlanski kanton,FBiH,2020-03-06,0,0,0,3,,
Tuzlanski kanton,FBiH,2020-03-07,0,0,0,5,,
Tuzlanski kanton,FBiH,2020-03-08,0,0,0,5,,
Tuzlanski kanton,FBiH,2020-03-09,0,0,0,5,,
Tuzlanski kanton,FBiH,2020-03-10,0,0,0,8,,
Tuzlanski kanton,FBiH,2020-03-11,0,0,0,12,,
Tuzlanski kanton,FBiH,2020-03-12,0,0,0,14,,
Tuzlanski kanton,FBiH,2020-03-13,0,0,0,15,,
Tuzlanski kanton,FBiH,2020-03-14,0,0,0,17,,
Tuzlanski kanton,FBiH,2020-03-15,0,0,0,17,,
Tuzlanski kanton,FBiH,2020-03-16,0,0,0,21,,
Tuzlanski kanton,FBiH,2020-03-17,0,0,0,26,,
Tuzlanski kanton,FBiH,2020-03-18,0,0,0,34,,
Tuzlanski kanton,FBiH,2020-03-19,0,0,0,42,,
Tuzlanski kanton,FBiH,2020-03-20,0,0,0,56,,
Tuzlanski kanton,FBiH,2020-03-21,0,0,0,68,,
Tuzlanski kanton,FBiH,2020-03-22,0,0,0,72,,
Tuzlanski kanton,FBiH,2020-03-23,0,0,0,81,,
Tuzlanski kanton,FBiH,2020-03-24,0,0,0,92,,
Tuzlanski kanton,FBiH,2020-03-25,0,0,0,105,,
Tuzlanski kanton,FBiH,2020-03-26,0,0,0,126,,
Tuzlanski kanton,FBiH,2020-03-27,1,0,0,150,,
Tuzlanski kanton,FBiH,2020-03-28,9,0,0,192,,
Tuzlanski kanton,FBiH,2020-03-29,19,0,0,271,,
Tuzlanski kanton,FBiH,2020-03-30,29,1,0,325,,
Tuzlanski kanton,FBiH,2020-03-31,33,1,0,383,,
Tuzlanski kanton,FBiH,2020-04-01,39,1,0,497,,
Tuzlanski kanton,FBiH,2020-04-02,42,1,1,553,,
Tuzlanski kanton,FBiH,2020-04-03,51,1,1,619,,
Tuzlanski kanton,FBiH,2020-04-04,52,1,1,637,,
Tuzlanski kanton,FBiH,2020-04-05,66,1,1,836,,
Tuzlanski kanton,FBiH,2020-04-06,71,1,1,906,,
Tuzlanski kanton,FBiH,2020-04-07,73,1,1,995,,
Tuzlanski kanton,FBiH,2020-04-08,78,1,1,1235,,
Tuzlanski kanton,FBiH,2020-04-09,79,1,5,1246,,
Tuzlanski kanton,FBiH,2020-04-10,79,1,5,1281,,
Tuzlanski kanton,FBiH,2020-04-11,80,1,10,1439,,
Tuzlanski kanton,FBiH,2020-04-12,81,1,11,1601,,
Tuzlanski kanton,FBiH,2020-04-13,81,1,14,1611,,
Tuzlanski kanton,FBiH,2020-04-14,81,1,15,1732,,
Tuzlanski kanton,FBiH,2020-04-15,81,1,15,1827,,
Tuzlanski kanton,FBiH,2020-04-16,81,1,22,1963,,
Tuzlanski kanton,FBiH,2020-04-17,81,1,41,2074,,
Tuzlanski kanton,FBiH,2020-04-18,81,1,42,2190,,
Tuzlanski kanton,FBiH,2020-04-19,81,1,52,2366,,
Tuzlanski kanton,FBiH,2020-04-20,81,1,59,2457,,
Tuzlanski kanton,FBiH,2020-04-21,81,1,61,2598,,
Tuzlanski kanton,FBiH,2020-04-22,81,1,61,2659,,
Tuzlanski kanton,FBiH,2020-04-23,81,1,71,2808,,
Tuzlanski kanton,FBiH,2020-04-24,81,1,74,3088,,
Tuzlanski kanton,FBiH,2020-04-25,81,1,74,3245,,
Tuzlanski kanton,FBiH,2020-04-26,81,1,76,3366,,
Tuzlanski kanton,FBiH,2020-04-27,81,1,77,3586,,
Tuzlanski kanton,FBiH,2020-04-28,81,1,77,3734,,
Tuzlanski kanton,FBiH,2020-04-29,81,1,79,3874,,
Tuzlanski kanton,FBiH,2020-04-30,81,1,79,3996,,
Tuzlanski kanton,FBiH,2020-05-01,82,1,80,4152,,
Tuzlanski kanton,FBiH,2020-05-02,82,1,80,4203,,
Tuzlanski kanton,FBiH,2020-05-03,82,1,80,4253,,
Tuzlanski kanton,FBiH,2020-05-04,82,1,80,4356,,
Tuzlanski kanton,FBiH,2020-05-05,82,1,80,4481,,
Tuzlanski kanton,FBiH,2020-05-06,82,1,80,4637,,
Tuzlanski kanton,FBiH,2020-05-07,82,1,80,4804,,
Tuzlanski kanton,FBiH,2020-05-08,82,1,80,4967,,
Tuzlanski kanton,FBiH,2020-05-09,82,1,80,5015,,
Tuzlanski kanton,FBiH,2020-05-10,82,1,80,5063,,
Tuzlanski kanton,FBiH,2020-05-11,83,1,80,5156,,
Tuzlanski kanton,FBiH,2020-05-12,83,1,80,5474,,
Tuzlanski kanton,FBiH,2020-05-13,84,1,80,5732,,
Tuzlanski kanton,FBiH,2020-05-14,86,1,80,6016,,
Tuzlanski kanton,FBiH,2020-05-15,86,1,80,6314,,
Tuzlanski kanton,FBiH,2020-05-16,88,1,80,6641,,
Tuzlanski kanton,FBiH,2020-05-17,88,1,80,6732,,
Tuzlanski kanton,FBiH,2020-05-18,90,1,80,6835,,
Tuzlanski kanton,FBiH,2020-05-19,91,1,80,7093,,
Tuzlanski kanton,FBiH,2020-05-20,93,1,80,7289,,
Tuzlanski kanton,FBiH,2020-05-21,93,1,80,7488,,
Tuzlanski kanton,FBiH,2020-05-22,93,1,80,7570,,
Tuzlanski kanton,FBiH,2020-05-23,93,1,80,7727,,
Tuzlanski kanton,FBiH,2020-05-24,93,1,80,7777,,
Tuzlanski kanton,FBiH,2020-05-25,94,1,80,7941,,
Tuzlanski kanton,FBiH,2020-05-26,95,2,80,8084,,
Tuzlanski kanton,FBiH,2020-05-27,99,2,80,8204,,
Tuzlanski kanton,FBiH,2020-05-28,99,2,80,8450,,
Tuzlanski kanton,FBiH,2020-05-29,99,2,80,8616,,
Tuzlanski kanton,FBiH,2020-05-30,99,2,80,8762,,
Tuzlanski kanton,FBiH,2020-05-31,99,2,80,8839,,
Tuzlanski kanton,FBiH,2020-06-01,100,2,80,8966,,
Tuzlanski kanton,FBiH,2020-06-02,100,2,81,9188,,
Tuzlanski kanton,FBiH,2020-06-03,100,2,81,9358,,
Tuzlanski kanton,FBiH,2020-06-04,100,2,81,9461,,
Tuzlanski kanton,FBiH,2020-06-05,102,2,81,9659,,
Tuzlanski kanton,FBiH,2020-06-06,105,2,81,9821,,
Tuzlanski kanton,FBiH,2020-06-07,114,2,81,9914,,
Tuzlanski kanton,FBiH,2020-06-08,131,2,81,10003,,
Tuzlanski kanton,FBiH,2020-06-09,142,2,81,10291,,
Tuzlanski kanton,FBiH,2020-06-10,152,2,83,10558,,
Tuzlanski kanton,FBiH,2020-06-11,162,2,84,10851,,
Tuzlanski kanton,FBiH,2020-06-12,188,3,85,11097,,
Tuzlanski kanton,FBiH,2020-06-13,199,3,85,11159,,
Tuzlanski kanton,FBiH,2020-06-14,215,4,90,11393,,
Tuzlanski kanton,FBiH,2020-06-15,234,5,90,11519,,
Tuzlanski kanton,FBiH,2020-06-16,249,5,90,11637,,
Tuzlanski kanton,FBiH,2020-06-17,263,5,90,11808,,
Tuzlanski kanton,FBiH,2020-06-18,309,6,90,12171,,
Tuzlanski kanton,FBiH,2020-06-19,310,6,90,12269,,
Tuzlanski kanton,FBiH,2020-06-20,340,6,90,12578,,
Tuzlanski kanton,FBiH,2020-06-21,350,6,90,12743,,
Tuzlanski kanton,FBiH,2020-06-22,363,7,90,12914,,
Tuzlanski kanton,FBiH,2020-06-23,389,8,92,13162,,
Tuzlanski kanton,FBiH,2020-06-24,415,9,117,13358,,
Tuzlanski kanton,FBiH,2020-06-25,433,13,131,13592,,
Tuzlanski kanton,FBiH,2020-06-26,467,14,137,13885,,
Tuzlanski kanton,FBiH,2020-06-27,490,16,146,13955,,
Tuzlanski kanton,FBiH,2020-06-28,547,17,147,14124,,
Tuzlanski kanton,FBiH,2020-06-29,569,17,159,14436,,
Tuzlanski kanton,FBiH,2020-06-30,576,18,170,14729,,
Tuzlanski kanton,FBiH,2020-07-01,636,18,226,14984,,
Tuzlanski kanton,FBiH,2020-07-02,658,18,229,15336,,
Tuzlanski kanton,FBiH,2020-07-03,689,19,232,15469,,
Tuzlanski kanton,FBiH,2020-07-04,721,20,232,15502,,
Tuzlanski kanton,FBiH,2020-07-05,752,22,232,15689,,
Tuzlanski kanton,FBiH,2020-07-06,798,25,239,15929,,
Tuzlanski kanton,FBiH,2020-07-07,825,26,296,16138,,
Tuzlanski kanton,FBiH,2020-07-08,863,26,332,16485,,
Tuzlanski kanton,FBiH,2020-07-09,882,27,348,16606,,
Tuzlanski kanton,FBiH,2020-07-10,947,27,349,16866,,
Tuzlanski kanton,FBiH,2020-07-11,1020,30,353,16987,,
Tuzlanski kanton,FBiH,2020-07-12,1067,32,355,17229,,
Tuzlanski kanton,FBiH,2020-07-13,1092,33,401,17506,,
Tuzlanski kanton,FBiH,2020-07-14,1118,35,416,17748,,
Tuzlanski kanton,FBiH,2020-07-15,1162,36,564,18117,,
Tuzlanski kanton,FBiH,2020-07-16,1178,38,571,18398,,
Tuzlanski kanton,FBiH,2020-07-17,1206,39,573,18756,,
Tuzlanski kanton,FBiH,2020-07-18,1235,43,574,18922,,
Tuzlanski kanton,FBiH,2020-07-19,1264,45,580,19239,,
Tuzlanski kanton,FBiH,2020-07-20,1309,46,619,19658,,
Tuzlanski kanton,FBiH,2020-07-21,1381,47,669,20041,,
Tuzlanski kanton,FBiH,2020-07-22,1426,47,683,20287,,
Tuzlanski kanton,FBiH,2020-07-23,1477,49,758,20653,,
Tuzlanski kanton,FBiH,2020-07-24,1521,50,805,20970,,
Tuzlanski kanton,FBiH,2020-07-25,1575,53,806,21044,,
Tuzlanski kanton,FBiH,2020-07-26,1609,53,815,21078,,
Tuzlanski kanton,FBiH,2020-07-27,1674,57,828,21288,,
Tuzlanski kanton,FBiH,2020-07-28,1702,60,966,21347,,
Tuzlanski kanton,FBiH,2020-07-29,1771,61,1007,21617,,
Tuzlanski kanton,FBiH,2020-07-30,1844,66,1048,21831,,
Tuzlanski kanton,FBiH,2020-07-31,1893,68,1048,21881,,
Tuzlanski kanton,FBiH,2020-08-01,1933,68,1053,21933,,
Tuzlanski kanton,FBiH,2020-08-02,1956,68,1055,21971,,
Tuzlanski kanton,FBiH,2020-08-03,1997,75,1128,22282,,
Tuzlanski kanton,FBiH,2020-08-04,2020,76,1237,22517,,
Tuzlanski kanton,FBiH,2020-08-05,2051,78,1239,22919,,
Tuzlanski kanton,FBiH,2020-08-06,2079,78,1345,23138,,
Tuzlanski kanton,FBiH,2020-08-07,2162,81,1380,23488,,
Tuzlanski kanton,FBiH,2020-08-08,2236,81,1380,23813,,
Tuzlanski kanton,FBiH,2020-08-09,2293,85,1390,24130,,
Tuzlanski kanton,FBiH,2020-08-10,2305,88,1392,24249,,
Zeničko-dobojski kanton,FBiH,2020-02-21,0,0,0,0,,
Zeničko-dobojski kanton,FBiH,2020-02-22,0,0,0,0,,
Zeničko-dobojski kanton,FBiH,2020-02-23,0,0,0,0,,
Zeničko-dobojski kanton,FBiH,2020-02-24,0,0,0,0,,
Zeničko-dobojski kanton,FBiH,2020-02-25,0,0,0,0,,
Zeničko-dobojski kanton,FBiH,2020-02-26,0,0,0,0,,
Zeničko-dobojski kanton,FBiH,2020-02-27,0,0,0,0,,
Zeničko-dobojski kanton,FBiH,2020-02-28,0,0,0,0,,
Zeničko-dobojski kanton,FBiH,2020-02-29,0,0,0,0,,
Zeničko-dobojski kanton,FBiH,2020-03-01,0,0,0,0,,
Zeničko-dobojski kanton,FBiH,2020-03-02,0,0,0,0,,
Zeničko-dobojski kanton,FBiH,2020-03-03,0,0,0,0,,
Zeničko-dobojski kanton,FBiH,2020-03-04,0,0,0,0,,
Zeničko-dobojski kanton,FBiH,2020-03-05,0,0,0,1,,
Zeničko-dobojski kanton,FBiH,2020-03-06,0,0,0,1,,
Zeničko-dobojski kanton,FBiH,2020-03-07,0,0,0,1,,
Zeničko-dobojski kanton,FBiH,2020-03-08,0,0,0,1,,
Zeničko-dobojski kanton,FBiH,2020-03-09,1,0,0,2,,
Zeničko-dobojski kanton,FBiH,2020-03-10,3,0,0,6,,
Zeničko-dobojski kanton,FBiH,2020-03-11,3,0,0,6,,
Zeničko-dobojski kanton,FBiH,2020-03-12,3,0,0,6,,
Zeničko-dobojski kanton,FBiH,2020-03-13,3,0,0,6,,
Zeničko-dobojski kanton,FBiH,2020-03-14,3,0,0,7,,
Zeničko-dobojski kanton,FBiH,2020-03-15,3,0,0,7,,
Zeničko-dobojski kanton,FBiH,2020-03-16,4,0,0,8,,
Zeničko-dobojski kanton,FBiH,2020-03-17,4,0,0,9,,
Zeničko-dobojski kanton,FBiH,2020-03-18,4,0,0,9,,
Zeničko-dobojski kanton,FBiH,2020-03-19,5,0,0,12,,
Zeničko-dobojski kanton,FBiH,2020-03-20,6,0,0,14,,
Zeničko-dobojski kanton,FBiH,2020-03-21,6,0,0,16,,
Zeničko-dobojski kanton,FBiH,2020-03-22,6,0,0,18,,
Zeničko-dobojski kanton,FBiH,2020-03-23,8,0,0,25,,
Zeničko-dobojski kanton,FBiH,2020-03-24,8,0,0,31,,
Zeničko-dobojski kanton,FBiH,2020-03-25,8,0,0,32,,
Zeničko-dobojski kanton,FBiH,2020-03-26,8,0,0,36,,
Zeničko-dobojski kanton,FBiH,2020-03-27,8,0,3,37,,
Zeničko-dobojski kanton,FBiH,2020-03-28,10,0,3,46,,
Zeničko-dobojski kanton,FBiH,2020-03-29,11,0,3,50,,
Zeničko-dobojski kanton,FBiH,2020-03-30,24,0,3,78,,
Zeničko-dobojski kanton,FBiH,2020-03-31,24,0,3,89,,
Zeničko-dobojski kanton,FBiH,2020-04-01,30,0,3,119,,
Zeničko-dobojski kanton,FBiH,2020-04-02,31,0,3,176,,
Zeničko-dobojski kanton,FBiH,2020-04-03,32,0,3,205,,
Zeničko-dobojski kanton,FBiH,2020-04-04,32,0,4,262,,
Zeničko-dobojski kanton,FBiH,2020-04-05,34,0,4,301,,
Zeničko-dobojski kanton,FBiH,2020-04-06,36,0,5,319,,
Zeničko-dobojski kanton,FBiH,2020-04-07,39,0,5,345,,
Zeničko-dobojski kanton,FBiH,2020-04-08,40,0,7,361,,
Zeničko-dobojski kanton,FBiH,2020-04-09,41,0,7,405,,
Zeničko-dobojski kanton,FBiH,2020-04-10,41,0,8,411,,
Zeničko-dobojski kanton,FBiH,2020-04-11,47,0,8,441,,
Zeničko-dobojski kanton,FBiH,2020-04-12,61,0,8,497,,
Zeničko-dobojski kanton,FBiH,2020-04-13,66,0,8,556,,
Zeničko-dobojski kanton,FBiH,2020-04-14,71,0,15,662,,
Zeničko-dobojski kanton,FBiH,2020-04-15,72,0,15,708,,
Zeničko-dobojski kanton,FBiH,2020-04-16,81,0,19,766,,
Zeničko-dobojski kanton,FBiH,2020-04-17,96,0,21,818,,
Zeničko-dobojski kanton,FBiH,2020-04-18,98,0,21,874,,
Zeničko-dobojski kanton,FBiH,2020-04-19,100,0,21,890,,
Zeničko-dobojski kanton,FBiH,2020-04-20,103,0,21,948,,
Zeničko-dobojski kanton,FBiH,2020-04-21,105,0,25,1078,,
Zeničko-dobojski kanton,FBiH,2020-04-22,110,0,28,1202,,
Zeničko-dobojski kanton,FBiH,2020-04-23,110,0,30,1287,,
Zeničko-dobojski kanton,FBiH,2020-04-24,111,0,32,1360,,
Zeničko-dobojski kanton,FBiH,2020-04-25,135,0,36,1539,,
Zeničko-dobojski kanton,FBiH,2020-04-26,145,0,36,1566,,
Zeničko-dobojski kanton,FBiH,2020-04-27,156,0,36,1706,,
Zeničko-dobojski kanton,FBiH,2020-04-28,175,0,52,1860,,
Zeničko-dobojski kanton,FBiH,2020-04-29,183,0,55,1976,,
Zeničko-dobojski kanton,FBiH,2020-04-30,184,0,67,2158,,
Zeničko-dobojski kanton,FBiH,2020-05-01,192,0,70,2190,,
Zeničko-dobojski kanton,FBiH,2020-05-02,199,0,70,2280,,
Zeničko-dobojski kanton,FBiH,2020-05-03,199,0,70,2334,,
Zeničko-dobojski kanton,FBiH,2020-05-04,202,0,70,2448,,
Zeničko-dobojski kanton,FBiH,2020-05-05,204,0,90,2557,,
Zeničko-dobojski kanton,FBiH,2020-05-06,212,0,92,2673,,
Zeničko-dobojski kanton,FBiH,2020-05-07,228,0,98,2814,,
Zeničko-dobojski kanton,FBiH,2020-05-08,234,0,102,2982,,
Zeničko-dobojski kanton,FBiH,2020-05-09,235,0,114,3071,,
Zeničko-dobojski kanton,FBiH,2020-05-10,235,0,114,3113,,
Zeničko-dobojski kanton,FBiH,2020-05-11,235,0,125,3210,,
Zeničko-dobojski kanton,FBiH,2020-05-12,236,0,150,3334,,
Zeničko-dobojski kanton,FBiH,2020-05-13,239,0,157,3457,,
Zeničko-dobojski kanton,FBiH,2020-05-14,243,0,164,3640,,
Zeničko-dobojski kanton,FBiH,2020-05-15,243,0,176,3762,,
Zeničko-dobojski kanton,FBiH,2020-05-16,243,0,185,3822,,
Zeničko-dobojski kanton,FBiH,2020-05-17,243,0,186,3899,,
Zeničko-dobojski kanton,FBiH,2020-05-18,245,0,190,4007,,
Zeničko-dobojski kanton,FBiH,2020-05-19,245,0,193,4169,,
Zeničko-dobojski kanton,FBiH,2020-05-20,246,0,202,4240,,
Zeničko-dobojski kanton,FBiH,2020-05-21,247,0,210,4364,,
Zeničko-dobojski kanton,FBiH,2020-05-22,254,0,220,4450,,
Zeničko-dobojski kanton,FBiH,2020-05-23,257,0,225,4498,,
Zeničko-dobojski kanton,FBiH,2020-05-24,257,0,225,4499,,
Zeničko-dobojski kanton,FBiH,2020-05-25,257,0,226,4535,,
Zeničko-dobojski kanton,FBiH,2020-05-26,271,0,229,4614,,
Zeničko-dobojski kanton,FBiH,2020-05-27,289,0,232,4689,,
Zeničko-dobojski kanton,FBiH,2020-05-28,300,0,235,4780,,
Zeničko-dobojski kanton,FBiH,2020-05-29,308,0,241,4892,,
Zeničko-dobojski kanton,FBiH,2020-05-30,311,0,241,4924,,
Zeničko-dobojski kanton,FBiH,2020-05-31,311,0,241,4935,,
Zeničko-dobojski kanton,FBiH,2020-06-01,312,0,241,5014,,
Zeničko-dobojski kanton,FBiH,2020-06-02,320,0,243,5097,,
Zeničko-dobojski kanton,FBiH,2020-06-03,331,0,243,5218,,
Zeničko-dobojski kanton,FBiH,2020-06-04,331,1,249,5277,,
Zeničko-dobojski kanton,FBiH,2020-06-05,335,1,249,5411,,
Zeničko-dobojski kanton,FBiH,2020-06-06,348,1,249,5437,,
Zeničko-dobojski kanton,FBiH,2020-06-07,353,1,249,5464,,
Zeničko-dobojski kanton,FBiH,2020-06-08,354,1,250,5552,,
Zeničko-dobojski kanton,FBiH,2020-06-09,357,1,264,5589,,
Zeničko-dobojski kanton,FBiH,2020-06-10,364,1,267,5658,,
Zeničko-dobojski kanton,FBiH,2020-06-11,365,1,280,5759,,
Zeničko-dobojski kanton,FBiH,2020-06-12,369,1,287,5819,,
Zeničko-dobojski kanton,FBiH,2020-06-13,371,1,289,5897,,
Zeničko-dobojski kanton,FBiH,2020-06-14,378,1,296,5953,,
Zeničko-dobojski kanton,FBiH,2020-06-15,382,1,299,6066,,
Zeničko-dobojski kanton,FBiH,2020-06-16,383,1,300,6141,,
Zeničko-dobojski kanton,FBiH,2020-06-17,383,1,308,6227,,
Zeničko-dobojski kanton,FBiH,2020-06-18,388,1,318,6319,,
Zeničko-dobojski kanton,FBiH,2020-06-19,390,1,322,6366,,
Zeničko-dobojski kanton,FBiH,2020-06-20,397,1,322,6440,,
Zeničko-dobojski kanton,FBiH,2020-06-21,400,1,323,6497,,
Zeničko-dobojski kanton,FBiH,2020-06-22,405,1,326,6573,,
Zeničko-dobojski kanton,FBiH,2020-06-23,414,1,336,6670,,
Zeničko-dobojski kanton,FBiH,2020-06-24,416,1,339,6726,,
Zeničko-dobojski kanton,FBiH,2020-06-25,426,1,342,6875,,
Zeničko-dobojski kanton,FBiH,2020-06-26,430,1,347,6981,,
Zeničko-dobojski kanton,FBiH,2020-06-27,433,1,349,7058,,
Zeničko-dobojski kanton,FBiH,2020-06-28,439,1,351,7089,,
Zeničko-dobojski kanton,FBiH,2020-06-29,445,1,360,7209,,
Zeničko-dobojski kanton,FBiH,2020-06-30,455,1,362,7264,,
Zeničko-dobojski kanton,FBiH,2020-07-01,470,1,370,7374,,
Zeničko-dobojski kanton,FBiH,2020-07-02,480,1,375,7520,,
Zeničko-dobojski kanton,FBiH,2020-07-03,490,1,382,7700,,
Zeničko-dobojski kanton,FBiH,2020-07-04,527,1,383,7816,,
Zeničko-dobojski kanton,FBiH,2020-07-05,531,1,384,7845,,
Zeničko-dobojski kanton,FBiH,2020-07-06,531,1,392,7980,,
Zeničko-dobojski kanton,FBiH,2020-07-07,541,1,398,8121,,
Zeničko-dobojski kanton,FBiH,2020-07-08,551,1,402,8263,,
Zeničko-dobojski kanton,FBiH,2020-07-09,570,1,408,8383,,
Zeničko-dobojski kanton,FBiH,2020-07-10,587,2,411,8527,,
Zeničko-dobojski kanton,FBiH,2020-07-11,588,2,414,8627,,
Zeničko-dobojski kanton,FBiH,2020-07-12,595,2,415,8653,,
Zeničko-dobojski kanton,FBiH,2020-07-13,616,2,427,8803,,
Zeničko-dobojski kanton,FBiH,2020-07-14,649,2,433,8941,,
Zeničko-dobojski kanton,FBiH,2020-07-15,671,2,437,9043,,
Zeničko-dobojski kanton,FBiH,2020-07-16,699,2,452,9242,,
Zeničko-dobojski kanton,FBiH,2020-07-17,717,2,465,9347,,
Zeničko-dobojski kanton,FBiH,2020-07-18,743,2,474,9415,,
Zeničko-dobojski kanton,FBiH,2020-07-19,754,3,476,9472,,
Zeničko-dobojski kanton,FBiH,2020-07-20,758,4,481,9581,,
Zeničko-dobojski kanton,FBiH,2020-07-21,774,4,497,9705,,
Zeničko-dobojski kanton,FBiH,2020-07-22,802,4,498,9790,,
Zeničko-dobojski kanton,FBiH,2020-07-23,817,5,498,9845,,
Zeničko-dobojski kanton,FBiH,2020-07-24,829,5,503,9951,,
Zeničko-dobojski kanton,FBiH,2020-07-25,858,6,507,10020,,
Zeničko-dobojski kanton,FBiH,2020-07-26,861,9,508,10028,,
Zeničko-dobojski kanton,FBiH,2020-07-27,882,11,519,10124,,
Zeničko-dobojski kanton,FBiH,2020-07-28,903,11,540,10220,,
Zeničko-dobojski kanton,FBiH,2020-07-29,937,11,544,10322,,
Zeničko-dobojski kanton,FBiH,2020-07-30,969,12,561,10477,,
Zeničko-dobojski kanton,FBiH,2020-07-31,976,13,570,10542,,
Zeničko-dobojski kanton,FBiH,2020-08-01,986,13,575,10623,,
Zeničko-dobojski kanton,FBiH,2020-08-02,989,14,581,10666,,
Zeničko-dobojski kanton,FBiH,2020-08-03,1028,14,589,10762,,
Zeničko-dobojski kanton,FBiH,2020-08-04,1056,14,599,10869,,
Zeničko-dobojski kanton,FBiH,2020-08-05,1070,14,611,10945,,
Zeničko-dobojski kanton,FBiH,2020-08-06,1094,14,622,11057,,
Zeničko-dobojski kanton,FBiH,2020-08-07,1137,14,646,11280,,
Zeničko-dobojski kanton,FBiH,2020-08-08,1162,14,646,11331,,
Zeničko-dobojski kanton,FBiH,2020-08-09,1165,14,646,11336,,
Zeničko-dobojski kanton,FBiH,2020-08-10,1166,14,646,11336,,
Bosansko-podrinski kanton,FBiH,2020-02-21,0,0,0,0,,
Bosansko-podrinski kanton,FBiH,2020-02-22,0,0,0,0,,
Bosansko-podrinski kanton,FBiH,2020-02-23,0,0,0,0,,
Bosansko-podrinski kanton,FBiH,2020-02-24,0,0,0,0,,
Bosansko-podrinski kanton,FBiH,2020-02-25,0,0,0,0,,
Bosansko-podrinski kanton,FBiH,2020-02-26,0,0,0,0,,
Bosansko-podrinski kanton,FBiH,2020-02-27,0,0,0,0,,
Bosansko-podrinski kanton,FBiH,2020-02-28,0,0,0,0,,
Bosansko-podrinski kanton,FBiH,2020-02-29,0,0,0,0,,
Bosansko-podrinski kanton,FBiH,2020-03-01,0,0,0,0,,
Bosansko-podrinski kanton,FBiH,2020-03-02,0,0,0,0,,
Bosansko-podrinski kanton,FBiH,2020-03-03,0,0,0,0,,
Bosansko-podrinski kanton,FBiH,2020-03-04,0,0,0,0,,
Bosansko-podrinski kanton,FBiH,2020-03-05,0,0,0,0,,
Bosansko-podrinski kanton,FBiH,2020-03-06,0,0,0,0,,
Bosansko-podrinski kanton,FBiH,2020-03-07,0,0,0,0,,
Bosansko-podrinski kanton,FBiH,2020-03-08,0,0,0,0,,
Bosansko-podrinski kanton,FBiH,2020-03-09,0,0,0,0,,
Bosansko-podrinski kanton,FBiH,2020-03-10,0,0,0,0,,
Bosansko-podrinski kanton,FBiH,2020-03-11,0,0,0,0,,
Bosansko-podrinski kanton,FBiH,2020-03-12,0,0,0,0,,
Bosansko-podrinski kanton,FBiH,2020-03-13,0,0,0,2,,
Bosansko-podrinski kanton,FBiH,2020-03-14,0,0,0,2,,
Bosansko-podrinski kanton,FBiH,2020-03-15,0,0,0,2,,
Bosansko-podrinski kanton,FBiH,2020-03-16,0,0,0,2,,
Bosansko-podrinski kanton,FBiH,2020-03-17,0,0,0,2,,
Bosansko-podrinski kanton,FBiH,2020-03-18,0,0,0,2,,
Bosansko-podrinski kanton,FBiH,2020-03-19,1,0,0,3,,
Bosansko-podrinski kanton,FBiH,2020-03-20,3,0,0,8,,
Bosansko-podrinski kanton,FBiH,2020-03-21,3,0,0,10,,
Bosansko-podrinski kanton,FBiH,2020-03-22,4,0,0,11,,
Bosansko-podrinski kanton,FBiH,2020-03-23,4,0,0,11,,
Bosansko-podrinski kanton,FBiH,2020-03-24,4,0,1,17,,
Bosansko-podrinski kanton,FBiH,2020-03-25,4,0,1,17,,
Bosansko-podrinski kanton,FBiH,2020-03-26,5,0,1,27,,
Bosansko-podrinski kanton,FBiH,2020-03-27,5,0,1,27,,
Bosansko-podrinski kanton,FBiH,2020-03-28,6,0,1,51,,
Bosansko-podrinski kanton,FBiH,2020-03-29,6,0,1,68,,
Bosansko-podrinski kanton,FBiH,2020-03-30,6,0,1,74,,
Bosansko-podrinski kanton,FBiH,2020-03-31,6,0,1,111,,
Bosansko-podrinski kanton,FBiH,2020-04-01,6,0,1,129,,
Bosansko-podrinski kanton,FBiH,2020-04-02,6,0,1,152,,
Bosansko-podrinski kanton,FBiH,2020-04-03,6,0,1,156,,
Bosansko-podrinski kanton,FBiH,2020-04-04,6,0,1,156,,
Bosansko-podrinski kanton,FBiH,2020-04-05,6,0,1,165,,
Bosansko-podrinski kanton,FBiH,2020-04-06,6,0,1,170,,
Bosansko-podrinski kanton,FBiH,2020-04-07,7,0,2,178,,
Bosansko-podrinski kanton,FBiH,2020-04-08,8,0,3,190,,
Bosansko-podrinski kanton,FBiH,2020-04-09,9,0,3,196,,
Bosansko-podrinski kanton,FBiH,2020-04-10,10,0,3,212,,
Bosansko-podrinski kanton,FBiH,2020-04-11,10,0,3,251,,
Bosansko-podrinski kanton,FBiH,2020-04-12,12,0,3,282,,
Bosansko-podrinski kanton,FBiH,2020-04-13,13,0,3,350,,
Bosansko-podrinski kanton,FBiH,2020-04-14,15,0,3,415,,
Bosansko-podrinski kanton,FBiH,2020-04-15,15,0,3,448,,
Bosansko-podrinski kanton,FBiH,2020-04-16,15,0,3,502,,
Bosansko-podrinski kanton,FBiH,2020-04-17,21,0,4,545,,
Bosansko-podrinski kanton,FBiH,2020-04-18,21,0,5,595,,
Bosansko-podrinski kanton,FBiH,2020-04-19,21,0,5,613,,
Bosansko-podrinski kanton,FBiH,2020-04-20,21,0,6,668,,
Bosansko-podrinski kanton,FBiH,2020-04-21,21,0,6,724,,
Bosansko-podrinski kanton,FBiH,2020-04-22,21,0,11,764,,
Bosansko-podrinski kanton,FBiH,2020-04-23,21,0,11,823,,
Bosansko-podrinski kanton,FBiH,2020-04-24,21,0,16,861,,
Bosansko-podrinski kanton,FBiH,2020-04-25,21,0,16,889,,
Bosansko-podrinski kanton,FBiH,2020-04-26,21,0,16,896,,
Bosansko-podrinski kanton,FBiH,2020-04-27,22,0,16,952,,
Bosansko-podrinski kanton,FBiH,2020-04-28,22,0,16,975,,
Bosansko-podrinski kanton,FBiH,2020-04-29,22,0,18,1013,,
Bosansko-podrinski kanton,FBiH,2020-04-30,22,0,18,1023,,
Bosansko-podrinski kanton,FBiH,2020-05-01,22,0,21,1033,,
Bosansko-podrinski kanton,FBiH,2020-05-02,22,0,21,1047,,
Bosansko-podrinski kanton,FBiH,2020-05-03,22,0,21,1049,,
Bosansko-podrinski kanton,FBiH,2020-05-04,23,0,21,1072,,
Bosansko-podrinski kanton,FBiH,2020-05-05,23,0,21,1137,,
Bosansko-podrinski kanton,FBiH,2020-05-06,23,0,21,1181,,
Bosansko-podrinski kanton,FBiH,2020-05-07,23,0,22,1185,,
Bosansko-podrinski kanton,FBiH,2020-05-08,23,0,22,1232,,
Bosansko-podrinski kanton,FBiH,2020-05-09,23,0,22,1234,,
Bosansko-podrinski kanton,FBiH,2020-05-10,23,0,22,1234,,
Bosansko-podrinski kanton,FBiH,2020-05-11,24,0,22,1286,,
Bosansko-podrinski kanton,FBiH,2020-05-12,24,0,22,1321,,
Bosansko-podrinski kanton,FBiH,2020-05-13,24,0,22,1331,,
Bosansko-podrinski kanton,FBiH,2020-05-14,24,0,23,1402,,
Bosansko-podrinski kanton,FBiH,2020-05-15,24,0,23,1435,,
Bosansko-podrinski kanton,FBiH,2020-05-16,24,0,23,1435,,
Bosansko-podrinski kanton,FBiH,2020-05-17,24,0,23,1436,,
Bosansko-podrinski kanton,FBiH,2020-05-18,24,0,23,1444,,
Bosansko-podrinski kanton,FBiH,2020-05-19,24,0,23,1445,,
Bosansko-podrinski kanton,FBiH,2020-05-20,24,0,23,1481,,
Bosansko-podrinski kanton,FBiH,2020-05-21,24,0,23,1493,,
Bosansko-podrinski kanton,FBiH,2020-05-22,24,0,23,1503,,
Bosansko-podrinski kanton,FBiH,2020-05-23,24,0,23,1522,,
Bosansko-podrinski kanton,FBiH,2020-05-24,24,0,23,1522,,
Bosansko-podrinski kanton,FBiH,2020-05-25,24,0,23,1523,,
Bosansko-podrinski kanton,FBiH,2020-05-26,24,0,23,1537,,
Bosansko-podrinski kanton,FBiH,2020-05-27,24,0,23,1538,,
Bosansko-podrinski kanton,FBiH,2020-05-28,24,0,23,1542,,
Bosansko-podrinski kanton,FBiH,2020-05-29,24,0,23,1578,,
Bosansko-podrinski kanton,FBiH,2020-05-30,24,0,23,1581,,
Bosansko-podrinski kanton,FBiH,2020-05-31,24,0,23,1581,,
Bosansko-podrinski kanton,FBiH,2020-06-01,24,0,23,1585,,
Bosansko-podrinski kanton,FBiH,2020-06-02,24,0,23,1609,,
Bosansko-podrinski kanton,FBiH,2020-06-03,24,0,23,1615,,
Bosansko-podrinski kanton,FBiH,2020-06-04,24,0,23,1619,,
Bosansko-podrinski kanton,FBiH,2020-06-05,24,0,23,1619,,
Bosansko-podrinski kanton,FBiH,2020-06-06,24,0,23,1638,,
Bosansko-podrinski kanton,FBiH,2020-06-07,24,0,23,1641,,
Bosansko-podrinski kanton,FBiH,2020-06-08,24,0,23,1648,,
Bosansko-podrinski kanton,FBiH,2020-06-09,24,0,23,1649,,
Bosansko-podrinski kanton,FBiH,2020-06-10,24,0,23,1685,,
Bosansko-podrinski kanton,FBiH,2020-06-11,24,0,23,1688,,
Bosansko-podrinski kanton,FBiH,2020-06-12,24,0,23,1688,,
Bosansko-podrinski kanton,FBiH,2020-06-13,24,0,23,1726,,
Bosansko-podrinski kanton,FBiH,2020-06-14,24,0,23,1729,,
Bosansko-podrinski kanton,FBiH,2020-06-15,24,0,23,1732,,
Bosansko-podrinski kanton,FBiH,2020-06-16,24,0,23,1734,,
Bosansko-podrinski kanton,FBiH,2020-06-17,24,0,23,1758,,
Bosansko-podrinski kanton,FBiH,2020-06-18,24,0,23,1762,,
Bosansko-podrinski kanton,FBiH,2020-06-19,24,0,23,1763,,
Bosansko-podrinski kanton,FBiH,2020-06-20,25,0,23,1799,,
Bosansko-podrinski kanton,FBiH,2020-06-21,25,0,23,1801,,
Bosansko-podrinski kanton,FBiH,2020-06-22,26,0,23,1822,,
Bosansko-podrinski kanton,FBiH,2020-06-23,26,0,23,1823,,
Bosansko-podrinski kanton,FBiH,2020-06-24,26,0,23,1830,,
Bosansko-podrinski kanton,FBiH,2020-06-25,26,0,23,1890,,
Bosansko-podrinski kanton,FBiH,2020-06-26,26,0,23,1906,,
Bosansko-podrinski kanton,FBiH,2020-06-27,28,0,23,1918,,
Bosansko-podrinski kanton,FBiH,2020-06-28,29,0,23,1931,,
Bosansko-podrinski kanton,FBiH,2020-06-29,30,0,23,1963,,
Bosansko-podrinski kanton,FBiH,2020-06-30,30,0,23,1965,,
Bosansko-podrinski kanton,FBiH,2020-07-01,32,0,24,2004,,
Bosansko-podrinski kanton,FBiH,2020-07-02,34,0,24,2020,,
Bosansko-podrinski kanton,FBiH,2020-07-03,45,0,25,2076,,
Bosansko-podrinski kanton,FBiH,2020-07-04,45,0,25,2090,,
Bosansko-podrinski kanton,FBiH,2020-07-05,48,0,25,2142,,
Bosansko-podrinski kanton,FBiH,2020-07-06,49,0,25,2167,,
Bosansko-podrinski kanton,FBiH,2020-07-07,51,0,28,2225,,
Bosansko-podrinski kanton,FBiH,2020-07-08,57,0,28,2267,,
Bosansko-podrinski kanton,FBiH,2020-07-09,59,0,29,2284,,
Bosansko-podrinski kanton,FBiH,2020-07-10,66,0,29,2331,,
Bosansko-podrinski kanton,FBiH,2020-07-11,67,1,32,2359,,
Bosansko-podrinski kanton,FBiH,2020-07-12,69,1,33,2364,,
Bosansko-podrinski kanton,FBiH,2020-07-13,78,1,34,2397,,
Bosansko-podrinski kanton,FBiH,2020-07-14,83,2,34,2441,,
Bosansko-podrinski kanton,FBiH,2020-07-15,86,3,41,2471,,
Bosansko-podrinski kanton,FBiH,2020-07-16,90,3,42,2532,,
Bosansko-podrinski kanton,FBiH,2020-07-17,94,4,42,2580,,
Bosansko-podrinski kanton,FBiH,2020-07-18,104,4,46,2608,,
Bosansko-podrinski kanton,FBiH,2020-07-19,105,4,47,2609,,
Bosansko-podrinski kanton,FBiH,2020-07-20,106,4,47,2622,,
Bosansko-podrinski kanton,FBiH,2020-07-21,110,4,48,2683,,
Bosansko-podrinski kanton,FBiH,2020-07-22,112,4,51,2693,,
Bosansko-podrinski kanton,FBiH,2020-07-23,118,4,58,2735,,
Bosansko-podrinski kanton,FBiH,2020-07-24,121,4,61,2769,,
Bosansko-podrinski kanton,FBiH,2020-07-25,126,6,61,2823,,
Bosansko-podrinski kanton,FBiH,2020-07-26,127,6,62,2824,,
Bosansko-podrinski kanton,FBiH,2020-07-27,135,6,65,2842,,
Bosansko-podrinski kanton,FBiH,2020-07-28,137,6,70,2870,,
Bosansko-podrinski kanton,FBiH,2020-07-29,142,6,73,2916,,
Bosansko-podrinski kanton,FBiH,2020-07-30,145,6,75,2932,,
Bosansko-podrinski kanton,FBiH,2020-07-31,146,6,77,2941,,
Bosansko-podrinski kanton,FBiH,2020-08-01,146,6,77,2967,,
Bosansko-podrinski kanton,FBiH,2020-08-02,146,6,77,2967,,
Bosansko-podrinski kanton,FBiH,2020-08-03,153,6,77,2999,,
Bosansko-podrinski kanton,FBiH,2020-08-04,168,6,79,3037,,
Bosansko-podrinski kanton,FBiH,2020-08-05,176,6,80,3113,,
Bosansko-podrinski kanton,FBiH,2020-08-06,186,6,83,3125,,
Bosansko-podrinski kanton,FBiH,2020-08-07,197,6,88,3173,,
Bosansko-podrinski kanton,FBiH,2020-08-08,210,8,92,3201,,
Bosansko-podrinski kanton,FBiH,2020-08-09,213,8,92,3207,,
Bosansko-podrinski kanton,FBiH,2020-08-10,213,8,92,3215,,
Srednjobosanski kanton,FBiH,2020-02-21,0,0,0,0,,
Srednjobosanski kanton,FBiH,2020-02-22,0,0,0,0,,
Srednjobosanski kanton,FBiH,2020-02-23,0,0,0,0,,
Srednjobosanski kanton,FBiH,2020-02-24,0,0,0,0,,
Srednjobosanski kanton,FBiH,2020-02-25,0,0,0,0,,
Srednjobosanski kanton,FBiH,2020-02-26,0,0,0,0,,
Srednjobosanski kanton,FBiH,2020-02-27,0,0,0,0,,
Srednjobosanski kanton,FBiH,2020-02-28,0,0,0,0,,
Srednjobosanski kanton,FBiH,2020-02-29,0,0,0,0,,
Srednjobosanski kanton,FBiH,2020-03-01,0,0,0,0,,
Srednjobosanski kanton,FBiH,2020-03-02,0,0,0,0,,
Srednjobosanski kanton,FBiH,2020-03-03,0,0,0,0,,
Srednjobosanski kanton,FBiH,2020-03-04,0,0,0,0,,
Srednjobosanski kanton,FBiH,2020-03-05,0,0,0,0,,
Srednjobosanski kanton,FBiH,2020-03-06,0,0,0,0,,
Srednjobosanski kanton,FBiH,2020-03-07,0,0,0,0,,
Srednjobosanski kanton,FBiH,2020-03-08,0,0,0,0,,
Srednjobosanski kanton,FBiH,2020-03-09,0,0,0,0,,
Srednjobosanski kanton,FBiH,2020-03-10,0,0,0,0,,
Srednjobosanski kanton,FBiH,2020-03-11,0,0,0,0,,
Srednjobosanski kanton,FBiH,2020-03-12,0,0,0,0,,
Srednjobosanski kanton,FBiH,2020-03-13,0,0,0,0,,
Srednjobosanski kanton,FBiH,2020-03-14,0,0,0,0,,
Srednjobosanski kanton,FBiH,2020-03-15,0,0,0,0,,
Srednjobosanski kanton,FBiH,2020-03-16,0,0,0,0,,
Srednjobosanski kanton,FBiH,2020-03-17,0,0,0,0,,
Srednjobosanski kanton,FBiH,2020-03-18,0,0,0,0,,
Srednjobosanski kanton,FBiH,2020-03-19,0,0,0,1,,
Srednjobosanski kanton,FBiH,2020-03-20,0,0,0,3,,
Srednjobosanski kanton,FBiH,2020-03-21,1,0,0,11,,
Srednjobosanski kanton,FBiH,2020-03-22,1,0,0,11,,
Srednjobosanski kanton,FBiH,2020-03-23,1,0,0,11,,
Srednjobosanski kanton,FBiH,2020-03-24,1,0,0,19,,
Srednjobosanski kanton,FBiH,2020-03-25,1,0,0,24,,
Srednjobosanski kanton,FBiH,2020-03-26,1,0,0,30,,
Srednjobosanski kanton,FBiH,2020-03-27,1,0,0,32,,
Srednjobosanski kanton,FBiH,2020-03-28,1,0,0,34,,
Srednjobosanski kanton,FBiH,2020-03-29,2,0,0,36,,
Srednjobosanski kanton,FBiH,2020-03-30,4,1,0,50,,
Srednjobosanski kanton,FBiH,2020-03-31,6,1,0,71,,
Srednjobosanski kanton,FBiH,2020-04-01,13,1,0,88,,
Srednjobosanski kanton,FBiH,2020-04-02,13,1,0,91,,
Srednjobosanski kanton,FBiH,2020-04-03,21,1,0,113,,
Srednjobosanski kanton,FBiH,2020-04-04,22,1,0,122,,
Srednjobosanski kanton,FBiH,2020-04-05,23,1,0,161,,
Srednjobosanski kanton,FBiH,2020-04-06,23,1,0,171,,
Srednjobosanski kanton,FBiH,2020-04-07,25,1,0,180,,
Srednjobosanski kanton,FBiH,2020-04-08,25,1,1,202,,
Srednjobosanski kanton,FBiH,2020-04-09,25,1,1,231,,
Srednjobosanski kanton,FBiH,2020-04-10,25,1,1,232,,
Srednjobosanski kanton,FBiH,2020-04-11,25,1,1,237,,
Srednjobosanski kanton,FBiH,2020-04-12,26,1,1,284,,
Srednjobosanski kanton,FBiH,2020-04-13,29,1,1,296,,
Srednjobosanski kanton,FBiH,2020-04-14,30,1,1,317,,
Srednjobosanski kanton,FBiH,2020-04-15,30,1,1,336,,
Srednjobosanski kanton,FBiH,2020-04-16,31,2,1,383,,
Srednjobosanski kanton,FBiH,2020-04-17,31,2,7,399,,
Srednjobosanski kanton,FBiH,2020-04-18,31,2,7,437,,
Srednjobosanski kanton,FBiH,2020-04-19,31,2,10,446,,
Srednjobosanski kanton,FBiH,2020-04-20,33,2,11,471,,
Srednjobosanski kanton,FBiH,2020-04-21,33,2,11,494,,
Srednjobosanski kanton,FBiH,2020-04-22,35,2,15,528,,
Srednjobosanski kanton,FBiH,2020-04-23,35,2,17,564,,
Srednjobosanski kanton,FBiH,2020-04-24,35,2,18,601,,
Srednjobosanski kanton,FBiH,2020-04-25,36,2,20,653,,
Srednjobosanski kanton,FBiH,2020-04-26,36,2,20,653,,
Srednjobosanski kanton,FBiH,2020-04-27,36,2,20,736,,
Srednjobosanski kanton,FBiH,2020-04-28,37,2,21,811,,
Srednjobosanski kanton,FBiH,2020-04-29,37,2,23,868,,
Srednjobosanski kanton,FBiH,2020-04-30,38,2,25,940,,
Srednjobosanski kanton,FBiH,2020-05-01,40,2,26,1070,,
Srednjobosanski kanton,FBiH,2020-05-02,40,2,26,1095,,
Srednjobosanski kanton,FBiH,2020-05-03,40,2,27,1107,,
Srednjobosanski kanton,FBiH,2020-05-04,40,2,27,1193,,
Srednjobosanski kanton,FBiH,2020-05-05,40,2,27,1234,,
Srednjobosanski kanton,FBiH,2020-05-06,42,2,28,1354,,
Srednjobosanski kanton,FBiH,2020-05-07,42,3,29,1438,,
Srednjobosanski kanton,FBiH,2020-05-08,42,3,29,1578,,
Srednjobosanski kanton,FBiH,2020-05-09,42,3,29,1596,,
Srednjobosanski kanton,FBiH,2020-05-10,42,3,29,1601,,
Srednjobosanski kanton,FBiH,2020-05-11,42,3,30,1655,,
Srednjobosanski kanton,FBiH,2020-05-12,42,3,30,1751,,
Srednjobosanski kanton,FBiH,2020-05-13,42,3,31,1821,,
Srednjobosanski kanton,FBiH,2020-05-14,42,3,32,1896,,
Srednjobosanski kanton,FBiH,2020-05-15,42,3,32,2035,,
Srednjobosanski kanton,FBiH,2020-05-16,42,3,37,2119,,
Srednjobosanski kanton,FBiH,2020-05-17,42,3,37,2152,,
Srednjobosanski kanton,FBiH,2020-05-18,42,3,37,2293,,
Srednjobosanski kanton,FBiH,2020-05-19,42,3,38,2371,,
Srednjobosanski kanton,FBiH,2020-05-20,42,3,38,2415,,
Srednjobosanski kanton,FBiH,2020-05-21,42,3,38,2459,,
Srednjobosanski kanton,FBiH,2020-05-22,42,3,38,2503,,
Srednjobosanski kanton,FBiH,2020-05-23,42,3,38,2521,,
Srednjobosanski kanton,FBiH,2020-05-24,42,3,38,2530,,
Srednjobosanski kanton,FBiH,2020-05-25,42,3,38,2552,,
Srednjobosanski kanton,FBiH,2020-05-26,42,3,38,2580,,
Srednjobosanski kanton,FBiH,2020-05-27,42,3,38,2623,,
Srednjobosanski kanton,FBiH,2020-05-28,42,3,38,2655,,
Srednjobosanski kanton,FBiH,2020-05-29,42,3,38,2708,,
Srednjobosanski kanton,FBiH,2020-05-30,42,3,38,2720,,
Srednjobosanski kanton,FBiH,2020-05-31,42,3,38,2729,,
Srednjobosanski kanton,FBiH,2020-06-01,42,3,38,2739,,
Srednjobosanski kanton,FBiH,2020-06-02,42,3,38,2805,,
Srednjobosanski kanton,FBiH,2020-06-03,42,3,38,2835,,
Srednjobosanski kanton,FBiH,2020-06-04,42,3,39,2844,,
Srednjobosanski kanton,FBiH,2020-06-05,43,3,39,2898,,
Srednjobosanski kanton,FBiH,2020-06-06,44,3,39,2900,,
Srednjobosanski kanton,FBiH,2020-06-07,45,3,39,2957,,
Srednjobosanski kanton,FBiH,2020-06-08,45,3,39,2961,,
Srednjobosanski kanton,FBiH,2020-06-09,45,3,39,3012,,
Srednjobosanski kanton,FBiH,2020-06-10,47,3,39,3057,,
Srednjobosanski kanton,FBiH,2020-06-11,47,3,39,3080,,
Srednjobosanski kanton,FBiH,2020-06-12,47,3,39,3111,,
Srednjobosanski kanton,FBiH,2020-06-13,47,3,39,3138,,
Srednjobosanski kanton,FBiH,2020-06-14,47,3,39,3146,,
Srednjobosanski kanton,FBiH,2020-06-15,48,4,39,3159,,
Srednjobosanski kanton,FBiH,2020-06-16,48,4,39,3186,,
Srednjobosanski kanton,FBiH,2020-06-17,49,4,39,3221,,
Srednjobosanski kanton,FBiH,2020-06-18,49,4,39,3242,,
Srednjobosanski kanton,FBiH,2020-06-19,52,4,39,3266,,
Srednjobosanski kanton,FBiH,2020-06-20,55,4,39,3327,,
Srednjobosanski kanton,FBiH,2020-06-21,55,4,39,3380,,
Srednjobosanski kanton,FBiH,2020-06-22,56,4,39,3454,,
Srednjobosanski kanton,FBiH,2020-06-23,58,4,39,3504,,
Srednjobosanski kanton,FBiH,2020-06-24,62,4,39,3559,,
Srednjobosanski kanton,FBiH,2020-06-25,63,4,41,3592,,
Srednjobosanski kanton,FBiH,2020-06-26,64,4,42,3662,,
Srednjobosanski kanton,FBiH,2020-06-27,64,4,42,3723,,
Srednjobosanski kanton,FBiH,2020-06-28,70,4,42,3768,,
Srednjobosanski kanton,FBiH,2020-06-29,70,4,42,3845,,
Srednjobosanski kanton,FBiH,2020-06-30,72,4,42,3871,,
Srednjobosanski kanton,FBiH,2020-07-01,77,4,42,4038,,
Srednjobosanski kanton,FBiH,2020-07-02,78,4,42,4103,,
Srednjobosanski kanton,FBiH,2020-07-03,82,4,43,4216,,
Srednjobosanski kanton,FBiH,2020-07-04,84,4,46,4317,,
Srednjobosanski kanton,FBiH,2020-07-05,85,4,46,4365,,
Srednjobosanski kanton,FBiH,2020-07-06,86,4,49,4411,,
Srednjobosanski kanton,FBiH,2020-07-07,88,4,53,4473,,
Srednjobosanski kanton,FBiH,2020-07-08,93,4,53,4583,,
Srednjobosanski kanton,FBiH,2020-07-09,97,4,53,4621,,
Srednjobosanski kanton,FBiH,2020-07-10,103,4,54,4674,,
Srednjobosanski kanton,FBiH,2020-07-11,113,4,55,4748,,
Srednjobosanski kanton,FBiH,2020-07-12,114,4,59,4776,,
Srednjobosanski kanton,FBiH,2020-07-13,117,4,60,4781,,
Srednjobosanski kanton,FBiH,2020-07-14,118,4,62,4843,,
Srednjobosanski kanton,FBiH,2020-07-15,122,4,64,4941,,
Srednjobosanski kanton,FBiH,2020-07-16,126,4,65,4976,,
Srednjobosanski kanton,FBiH,2020-07-17,134,4,67,5020,,
Srednjobosanski kanton,FBiH,2020-07-18,142,4,67,5069,,
Srednjobosanski kanton,FBiH,2020-07-19,149,4,67,5078,,
Srednjobosanski kanton,FBiH,2020-07-20,154,4,70,5128,,
Srednjobosanski kanton,FBiH,2020-07-21,160,4,70,5182,,
Srednjobosanski kanton,FBiH,2020-07-22,172,4,70,5248,,
Srednjobosanski kanton,FBiH,2020-07-23,177,4,73,5298,,
Srednjobosanski kanton,FBiH,2020-07-24,191,4,76,5364,,
Srednjobosanski kanton,FBiH,2020-07-25,195,4,77,5440,,
Srednjobosanski kanton,FBiH,2020-07-26,200,4,77,5446,,
Srednjobosanski kanton,FBiH,2020-07-27,208,4,82,5475,,
Srednjobosanski kanton,FBiH,2020-07-28,229,4,83,5567,,
Srednjobosanski kanton,FBiH,2020-07-29,235,4,85,5603,,
Srednjobosanski kanton,FBiH,2020-07-30,272,4,85,5709,,
Srednjobosanski kanton,FBiH,2020-07-31,280,4,86,5769,,
Srednjobosanski kanton,FBiH,2020-08-01,292,4,86,5850,,
Srednjobosanski kanton,FBiH,2020-08-02,297,4,87,5855,,
Srednjobosanski kanton,FBiH,2020-08-03,308,4,87,5917,,
Srednjobosanski kanton,FBiH,2020-08-04,350,6,88,6016,,
Srednjobosanski kanton,FBiH,2020-08-05,356,6,89,6029,,
Srednjobosanski kanton,FBiH,2020-08-06,362,6,89,6088,,
Srednjobosanski kanton,FBiH,2020-08-07,396,7,89,6234,,
Srednjobosanski kanton,FBiH,2020-08-08,406,8,89,6245,,
Srednjobosanski kanton,FBiH,2020-08-09,407,10,89,6273,,
Srednjobosanski kanton,FBiH,2020-08-10,407,10,89,6275,,
Hercegovačko-neretvanski kanton,FBiH,2020-02-21,0,0,0,0,,
Hercegovačko-neretvanski kanton,FBiH,2020-02-22,0,0,0,0,,
Hercegovačko-neretvanski kanton,FBiH,2020-02-23,0,0,0,0,,
Hercegovačko-neretvanski kanton,FBiH,2020-02-24,0,0,0,0,,
Hercegovačko-neretvanski kanton,FBiH,2020-02-25,0,0,0,0,,
Hercegovačko-neretvanski kanton,FBiH,2020-02-26,0,0,0,0,,
Hercegovačko-neretvanski kanton,FBiH,2020-02-27,0,0,0,0,,
Hercegovačko-neretvanski kanton,FBiH,2020-02-28,0,0,0,0,,
Hercegovačko-neretvanski kanton,FBiH,2020-02-29,0,0,0,0,,
Hercegovačko-neretvanski kanton,FBiH,2020-03-01,0,0,0,0,,
Hercegovačko-neretvanski kanton,FBiH,2020-03-02,0,0,0,0,,
Hercegovačko-neretvanski kanton,FBiH,2020-03-03,0,0,0,1,,
Hercegovačko-neretvanski kanton,FBiH,2020-03-04,0,0,0,1,,
Hercegovačko-neretvanski kanton,FBiH,2020-03-05,0,0,0,1,,
Hercegovačko-neretvanski kanton,FBiH,2020-03-06,0,0,0,2,,
Hercegovačko-neretvanski kanton,FBiH,2020-03-07,0,0,0,2,,
Hercegovačko-neretvanski kanton,FBiH,2020-03-08,0,0,0,2,,
Hercegovačko-neretvanski kanton,FBiH,2020-03-09,0,0,0,2,,
Hercegovačko-neretvanski kanton,FBiH,2020-03-10,0,0,0,3,,
Hercegovačko-neretvanski kanton,FBiH,2020-03-11,0,0,0,3,,
Hercegovačko-neretvanski kanton,FBiH,2020-03-12,0,0,0,12,,
Hercegovačko-neretvanski kanton,FBiH,2020-03-13,0,0,0,12,,
Hercegovačko-neretvanski kanton,FBiH,2020-03-14,0,0,0,13,,
Hercegovačko-neretvanski kanton,FBiH,2020-03-15,0,0,0,14,,
Hercegovačko-neretvanski kanton,FBiH,2020-03-16,0,0,0,19,,
Hercegovačko-neretvanski kanton,FBiH,2020-03-17,3,0,0,29,,
Hercegovačko-neretvanski kanton,FBiH,2020-03-18,9,0,0,49,,
Hercegovačko-neretvanski kanton,FBiH,2020-03-19,14,0,1,84,,
Hercegovačko-neretvanski kanton,FBiH,2020-03-20,16,0,1,112,,
Hercegovačko-neretvanski kanton,FBiH,2020-03-21,16,0,1,118,,
Hercegovačko-neretvanski kanton,FBiH,2020-03-22,17,0,1,125,,
Hercegovačko-neretvanski kanton,FBiH,2020-03-23,22,0,1,149,,
Hercegovačko-neretvanski kanton,FBiH,2020-03-24,24,1,1,173,,
Hercegovačko-neretvanski kanton,FBiH,2020-03-25,26,1,1,180,,
Hercegovačko-neretvanski kanton,FBiH,2020-03-26,32,1,1,199,,
Hercegovačko-neretvanski kanton,FBiH,2020-03-27,33,1,1,222,,
Hercegovačko-neretvanski kanton,FBiH,2020-03-28,44,1,1,250,,
Hercegovačko-neretvanski kanton,FBiH,2020-03-29,44,1,2,263,,
Hercegovačko-neretvanski kanton,FBiH,2020-03-30,54,2,2,327,,
Hercegovačko-neretvanski kanton,FBiH,2020-03-31,60,2,2,388,,
Hercegovačko-neretvanski kanton,FBiH,2020-04-01,69,3,2,454,,
Hercegovačko-neretvanski kanton,FBiH,2020-04-02,85,3,3,500,,
Hercegovačko-neretvanski kanton,FBiH,2020-04-03,91,3,3,540,,
Hercegovačko-neretvanski kanton,FBiH,2020-04-04,102,4,6,639,,
Hercegovačko-neretvanski kanton,FBiH,2020-04-05,106,4,7,739,,
Hercegovačko-neretvanski kanton,FBiH,2020-04-06,116,5,8,821,,
Hercegovačko-neretvanski kanton,FBiH,2020-04-07,133,7,10,900,,
Hercegovačko-neretvanski kanton,FBiH,2020-04-08,145,7,10,1026,,
Hercegovačko-neretvanski kanton,FBiH,2020-04-09,170,7,14,1140,,
Hercegovačko-neretvanski kanton,FBiH,2020-04-10,183,7,17,1252,,
Hercegovačko-neretvanski kanton,FBiH,2020-04-11,191,7,19,1318,,
Hercegovačko-neretvanski kanton,FBiH,2020-04-12,199,7,19,1415,,
Hercegovačko-neretvanski kanton,FBiH,2020-04-13,202,8,19,1505,,
Hercegovačko-neretvanski kanton,FBiH,2020-04-14,203,8,19,1591,,
Hercegovačko-neretvanski kanton,FBiH,2020-04-15,207,9,19,1654,,
Hercegovačko-neretvanski kanton,FBiH,2020-04-16,211,10,21,1812,,
Hercegovačko-neretvanski kanton,FBiH,2020-04-17,214,10,22,1930,,
Hercegovačko-neretvanski kanton,FBiH,2020-04-18,215,12,30,2098,,
Hercegovačko-neretvanski kanton,FBiH,2020-04-19,220,12,30,2235,,
Hercegovačko-neretvanski kanton,FBiH,2020-04-20,224,12,36,2340,,
Hercegovačko-neretvanski kanton,FBiH,2020-04-21,227,12,40,2494,,
Hercegovačko-neretvanski kanton,FBiH,2020-04-22,230,12,44,2685,,
Hercegovačko-neretvanski kanton,FBiH,2020-04-23,230,12,46,2823,,
Hercegovačko-neretvanski kanton,FBiH,2020-04-24,236,12,49,2968,,
Hercegovačko-neretvanski kanton,FBiH,2020-04-25,236,12,58,3083,,
Hercegovačko-neretvanski kanton,FBiH,2020-04-26,238,12,63,3214,,
Hercegovačko-neretvanski kanton,FBiH,2020-04-27,238,12,72,3305,,
Hercegovačko-neretvanski kanton,FBiH,2020-04-28,243,12,87,3414,,
Hercegovačko-neretvanski kanton,FBiH,2020-04-29,253,12,96,3587,,
Hercegovačko-neretvanski kanton,FBiH,2020-04-30,256,12,119,3730,,
Hercegovačko-neretvanski kanton,FBiH,2020-05-01,258,12,148,3893,,
Hercegovačko-neretvanski kanton,FBiH,2020-05-02,258,12,161,3956,,
Hercegovačko-neretvanski kanton,FBiH,2020-05-03,258,12,163,4010,,
Hercegovačko-neretvanski kanton,FBiH,2020-05-04,258,12,184,4107,,
Hercegovačko-neretvanski kanton,FBiH,2020-05-05,258,12,184,4167,,
Hercegovačko-neretvanski kanton,FBiH,2020-05-06,258,13,194,4316,,
Hercegovačko-neretvanski kanton,FBiH,2020-05-07,258,13,207,4440,,
Hercegovačko-neretvanski kanton,FBiH,2020-05-08,258,13,215,4540,,
Hercegovačko-neretvanski kanton,FBiH,2020-05-09,258,13,219,4612,,
Hercegovačko-neretvanski kanton,FBiH,2020-05-10,258,13,221,4643,,
Hercegovačko-neretvanski kanton,FBiH,2020-05-11,258,13,223,4720,,
Hercegovačko-neretvanski kanton,FBiH,2020-05-12,258,13,225,4813,,
Hercegovačko-neretvanski kanton,FBiH,2020-05-13,258,13,225,4872,,
Hercegovačko-neretvanski kanton,FBiH,2020-05-14,258,13,233,4933,,
Hercegovačko-neretvanski kanton,FBiH,2020-05-15,258,13,235,4999,,
Hercegovačko-neretvanski kanton,FBiH,2020-05-16,258,13,238,5069,,
Hercegovačko-neretvanski kanton,FBiH,2020-05-17,258,13,242,5105,,
Hercegovačko-neretvanski kanton,FBiH,2020-05-18,258,13,242,5153,,
Hercegovačko-neretvanski kanton,FBiH,2020-05-19,258,13,243,5263,,
Hercegovačko-neretvanski kanton,FBiH,2020-05-20,258,13,244,5320,,
Hercegovačko-neretvanski kanton,FBiH,2020-05-21,258,13,244,5390,,
Hercegovačko-neretvanski kanton,FBiH,2020-05-22,258,13,244,5445,,
Hercegovačko-neretvanski kanton,FBiH,2020-05-23,258,13,244,5474,,
Hercegovačko-neretvanski kanton,FBiH,2020-05-24,258,13,244,5474,,
Hercegovačko-neretvanski kanton,FBiH,2020-05-25,258,13,244,5561,,
Hercegovačko-neretvanski kanton,FBiH,2020-05-26,258,13,244,5592,,
Hercegovačko-neretvanski kanton,FBiH,2020-05-27,258,13,244,5672,,
Hercegovačko-neretvanski kanton,FBiH,2020-05-28,258,13,244,5736,,
Hercegovačko-neretvanski kanton,FBiH,2020-05-29,258,13,244,5774,,
Hercegovačko-neretvanski kanton,FBiH,2020-05-30,258,13,244,5857,,
Hercegovačko-neretvanski kanton,FBiH,2020-05-31,258,13,244,5857,,
Hercegovačko-neretvanski kanton,FBiH,2020-06-01,258,13,244,5910,,
Hercegovačko-neretvanski kanton,FBiH,2020-06-02,258,13,244,5993,,
Hercegovačko-neretvanski kanton,FBiH,2020-06-03,258,13,244,6043,,
Hercegovačko-neretvanski kanton,FBiH,2020-06-04,258,13,244,6102,,
Hercegovačko-neretvanski kanton,FBiH,2020-06-05,258,13,244,6175,,
Hercegovačko-neretvanski kanton,FBiH,2020-06-06,258,13,244,6203,,
Hercegovačko-neretvanski kanton,FBiH,2020-06-07,258,13,244,6203,,
Hercegovačko-neretvanski kanton,FBiH,2020-06-08,258,13,244,6220,,
Hercegovačko-neretvanski kanton,FBiH,2020-06-09,258,13,244,6290,,
Hercegovačko-neretvanski kanton,FBiH,2020-06-10,259,13,244,6338,,
Hercegovačko-neretvanski kanton,FBiH,2020-06-11,259,13,244,6410,,
Hercegovačko-neretvanski kanton,FBiH,2020-06-12,259,13,245,6439,,
Hercegovačko-neretvanski kanton,FBiH,2020-06-13,260,13,245,6559,,
Hercegovačko-neretvanski kanton,FBiH,2020-06-14,260,13,245,6559,,
Hercegovačko-neretvanski kanton,FBiH,2020-06-15,260,13,245,6587,,
Hercegovačko-neretvanski kanton,FBiH,2020-06-16,261,13,245,6678,,
Hercegovačko-neretvanski kanton,FBiH,2020-06-17,263,13,245,6788,,
Hercegovačko-neretvanski kanton,FBiH,2020-06-18,264,13,245,6878,,
Hercegovačko-neretvanski kanton,FBiH,2020-06-19,264,13,245,6928,,
Hercegovačko-neretvanski kanton,FBiH,2020-06-20,264,13,245,7085,,
Hercegovačko-neretvanski kanton,FBiH,2020-06-21,264,13,245,7086,,
Hercegovačko-neretvanski kanton,FBiH,2020-06-22,264,13,245,7191,,
Hercegovačko-neretvanski kanton,FBiH,2020-06-23,265,13,245,7322,,
Hercegovačko-neretvanski kanton,FBiH,2020-06-24,270,13,245,7421,,
Hercegovačko-neretvanski kanton,FBiH,2020-06-25,275,13,245,7518,,
Hercegovačko-neretvanski kanton,FBiH,2020-06-26,329,13,245,7613,,
Hercegovačko-neretvanski kanton,FBiH,2020-06-27,333,13,245,7776,,
Hercegovačko-neretvanski kanton,FBiH,2020-06-28,333,13,245,7777,,
Hercegovačko-neretvanski kanton,FBiH,2020-06-29,335,13,245,7906,,
Hercegovačko-neretvanski kanton,FBiH,2020-06-30,354,13,246,8181,,
Hercegovačko-neretvanski kanton,FBiH,2020-07-01,367,13,247,8362,,
Hercegovačko-neretvanski kanton,FBiH,2020-07-02,379,13,248,8634,,
Hercegovačko-neretvanski kanton,FBiH,2020-07-03,387,13,248,8758,,
Hercegovačko-neretvanski kanton,FBiH,2020-07-04,394,13,248,8897,,
Hercegovačko-neretvanski kanton,FBiH,2020-07-05,395,13,249,8995,,
Hercegovačko-neretvanski kanton,FBiH,2020-07-06,402,13,249,9089,,
Hercegovačko-neretvanski kanton,FBiH,2020-07-07,412,13,250,9294,,
Hercegovačko-neretvanski kanton,FBiH,2020-07-08,422,13,250,9530,,
Hercegovačko-neretvanski kanton,FBiH,2020-07-09,428,13,254,9718,,
Hercegovačko-neretvanski kanton,FBiH,2020-07-10,448,13,260,9985,,
Hercegovačko-neretvanski kanton,FBiH,2020-07-11,459,13,265,10124,,
Hercegovačko-neretvanski kanton,FBiH,2020-07-12,468,13,275,10295,,
Hercegovačko-neretvanski kanton,FBiH,2020-07-13,469,13,279,10341,,
Hercegovačko-neretvanski kanton,FBiH,2020-07-14,478,13,291,10558,,
Hercegovačko-neretvanski kanton,FBiH,2020-07-15,491,13,291,10677,,
Hercegovačko-neretvanski kanton,FBiH,2020-07-16,520,13,302,11001,,
Hercegovačko-neretvanski kanton,FBiH,2020-07-17,537,13,315,11252,,
Hercegovačko-neretvanski kanton,FBiH,2020-07-18,557,13,338,11574,,
Hercegovačko-neretvanski kanton,FBiH,2020-07-19,563,13,338,11636,,
Hercegovačko-neretvanski kanton,FBiH,2020-07-20,565,13,349,11765,,
Hercegovačko-neretvanski kanton,FBiH,2020-07-21,589,14,352,12011,,
Hercegovačko-neretvanski kanton,FBiH,2020-07-22,592,14,362,12205,,
Hercegovačko-neretvanski kanton,FBiH,2020-07-23,610,14,374,12464,,
Hercegovačko-neretvanski kanton,FBiH,2020-07-24,622,14,388,12644,,
Hercegovačko-neretvanski kanton,FBiH,2020-07-25,633,15,392,12802,,
Hercegovačko-neretvanski kanton,FBiH,2020-07-26,636,16,398,12877,,
Hercegovačko-neretvanski kanton,FBiH,2020-07-27,638,16,407,12989,,
Hercegovačko-neretvanski kanton,FBiH,2020-07-28,666,16,421,13257,,
Hercegovačko-neretvanski kanton,FBiH,2020-07-29,678,16,431,13470,,
Hercegovačko-neretvanski kanton,FBiH,2020-07-30,690,16,453,13649,,
Hercegovačko-neretvanski kanton,FBiH,2020-07-31,712,16,470,13813,,
Hercegovačko-neretvanski kanton,FBiH,2020-08-01,714,16,474,13910,,
Hercegovačko-neretvanski kanton,FBiH,2020-08-02,715,17,487,14033,,
Hercegovačko-neretvanski kanton,FBiH,2020-08-03,717,17,503,14175,,
Hercegovačko-neretvanski kanton,FBiH,2020-08-04,734,17,511,14325,,
Hercegovačko-neretvanski kanton,FBiH,2020-08-05,752,18,528,14414,,
Hercegovačko-neretvanski kanton,FBiH,2020-08-06,761,18,529,14427,,
Hercegovačko-neretvanski kanton,FBiH,2020-08-07,769,18,534,14565,,
Hercegovačko-neretvanski kanton,FBiH,2020-08-08,786,18,534,14666,,
Hercegovačko-neretvanski kanton,FBiH,2020-08-09,790,18,534,14705,,
Hercegovačko-neretvanski kanton,FBiH,2020-08-10,790,18,534,14705,,
Zapadno-hercegovački kanton,FBiH,2020-02-21,0,0,0,0,,
Zapadno-hercegovački kanton,FBiH,2020-02-22,0,0,0,0,,
Zapadno-hercegovački kanton,FBiH,2020-02-23,0,0,0,0,,
Zapadno-hercegovački kanton,FBiH,2020-02-24,0,0,0,0,,
Zapadno-hercegovački kanton,FBiH,2020-02-25,0,0,0,0,,
Zapadno-hercegovački kanton,FBiH,2020-02-26,0,0,0,0,,
Zapadno-hercegovački kanton,FBiH,2020-02-27,0,0,0,0,,
Zapadno-hercegovački kanton,FBiH,2020-02-28,0,0,0,0,,
Zapadno-hercegovački kanton,FBiH,2020-02-29,0,0,0,0,,
Zapadno-hercegovački kanton,FBiH,2020-03-01,0,0,0,0,,
Zapadno-hercegovački kanton,FBiH,2020-03-02,0,0,0,0,,
Zapadno-hercegovački kanton,FBiH,2020-03-03,0,0,0,0,,
Zapadno-hercegovački kanton,FBiH,2020-03-04,0,0,0,0,,
Zapadno-hercegovački kanton,FBiH,2020-03-05,0,0,0,0,,
Zapadno-hercegovački kanton,FBiH,2020-03-06,0,0,0,0,,
Zapadno-hercegovački kanton,FBiH,2020-03-07,0,0,0,0,,
Zapadno-hercegovački kanton,FBiH,2020-03-08,0,0,0,0,,
Zapadno-hercegovački kanton,FBiH,2020-03-09,0,0,0,0,,
Zapadno-hercegovački kanton,FBiH,2020-03-10,0,0,0,0,,
Zapadno-hercegovački kanton,FBiH,2020-03-11,0,0,0,0,,
Zapadno-hercegovački kanton,FBiH,2020-03-12,0,0,0,0,,
Zapadno-hercegovački kanton,FBiH,2020-03-13,0,0,0,0,,
Zapadno-hercegovački kanton,FBiH,2020-03-14,0,0,0,0,,
Zapadno-hercegovački kanton,FBiH,2020-03-15,0,0,0,0,,
Zapadno-hercegovački kanton,FBiH,2020-03-16,0,0,0,0,,
Zapadno-hercegovački kanton,FBiH,2020-03-17,0,0,0,0,,
Zapadno-hercegovački kanton,FBiH,2020-03-18,0,0,0,2,,
Zapadno-hercegovački kanton,FBiH,2020-03-19,0,0,0,2,,
Zapadno-hercegovački kanton,FBiH,2020-03-20,0,0,0,6,,
Zapadno-hercegovački kanton,FBiH,2020-03-21,0,0,0,6,,
Zapadno-hercegovački kanton,FBiH,2020-03-22,0,0,0,8,,
Zapadno-hercegovački kanton,FBiH,2020-03-23,1,0,0,9,,
Zapadno-hercegovački kanton,FBiH,2020-03-24,3,0,0,13,,
Zapadno-hercegovački kanton,FBiH,2020-03-25,7,0,0,17,,
Zapadno-hercegovački kanton,FBiH,2020-03-26,10,0,0,25,,
Zapadno-hercegovački kanton,FBiH,2020-03-27,16,0,1,33,,
Zapadno-hercegovački kanton,FBiH,2020-03-28,17,1,1,37,,
Zapadno-hercegovački kanton,FBiH,2020-03-29,20,1,1,42,,
Zapadno-hercegovački kanton,FBiH,2020-03-30,21,2,1,53,,
Zapadno-hercegovački kanton,FBiH,2020-03-31,25,2,1,60,,
Zapadno-hercegovački kanton,FBiH,2020-04-01,31,2,1,85,,
Zapadno-hercegovački kanton,FBiH,2020-04-02,32,2,1,86,,
Zapadno-hercegovački kanton,FBiH,2020-04-03,36,2,1,101,,
Zapadno-hercegovački kanton,FBiH,2020-04-04,36,2,1,120,,
Zapadno-hercegovački kanton,FBiH,2020-04-05,39,3,3,149,,
Zapadno-hercegovački kanton,FBiH,2020-04-06,40,3,3,164,,
Zapadno-hercegovački kanton,FBiH,2020-04-07,41,3,3,174,,
Zapadno-hercegovački kanton,FBiH,2020-04-08,44,3,3,204,,
Zapadno-hercegovački kanton,FBiH,2020-04-09,54,3,3,250,,
Zapadno-hercegovački kanton,FBiH,2020-04-10,61,4,5,288,,
Zapadno-hercegovački kanton,FBiH,2020-04-11,66,4,5,305,,
Zapadno-hercegovački kanton,FBiH,2020-04-12,66,4,5,315,,
Zapadno-hercegovački kanton,FBiH,2020-04-13,66,4,5,316,,
Zapadno-hercegovački kanton,FBiH,2020-04-14,67,4,5,337,,
Zapadno-hercegovački kanton,FBiH,2020-04-15,67,4,6,356,,
Zapadno-hercegovački kanton,FBiH,2020-04-16,67,4,6,358,,
Zapadno-hercegovački kanton,FBiH,2020-04-17,72,4,12,406,,
Zapadno-hercegovački kanton,FBiH,2020-04-18,73,4,12,439,,
Zapadno-hercegovački kanton,FBiH,2020-04-19,73,4,12,448,,
Zapadno-hercegovački kanton,FBiH,2020-04-20,77,4,17,478,,
Zapadno-hercegovački kanton,FBiH,2020-04-21,79,4,17,498,,
Zapadno-hercegovački kanton,FBiH,2020-04-22,80,4,18,550,,
Zapadno-hercegovački kanton,FBiH,2020-04-23,80,4,18,555,,
Zapadno-hercegovački kanton,FBiH,2020-04-24,81,4,19,608,,
Zapadno-hercegovački kanton,FBiH,2020-04-25,81,4,21,656,,
Zapadno-hercegovački kanton,FBiH,2020-04-26,81,4,23,658,,
Zapadno-hercegovački kanton,FBiH,2020-04-27,82,4,24,689,,
Zapadno-hercegovački kanton,FBiH,2020-04-28,82,4,26,689,,
Zapadno-hercegovački kanton,FBiH,2020-04-29,83,4,33,719,,
Zapadno-hercegovački kanton,FBiH,2020-04-30,84,4,36,751,,
Zapadno-hercegovački kanton,FBiH,2020-05-01,85,4,41,769,,
Zapadno-hercegovački kanton,FBiH,2020-05-02,85,4,44,778,,
Zapadno-hercegovački kanton,FBiH,2020-05-03,85,4,44,779,,
Zapadno-hercegovački kanton,FBiH,2020-05-04,85,4,65,827,,
Zapadno-hercegovački kanton,FBiH,2020-05-05,85,4,65,846,,
Zapadno-hercegovački kanton,FBiH,2020-05-06,85,4,65,875,,
Zapadno-hercegovački kanton,FBiH,2020-05-07,85,4,72,895,,
Zapadno-hercegovački kanton,FBiH,2020-05-08,85,4,73,910,,
Zapadno-hercegovački kanton,FBiH,2020-05-09,85,4,73,918,,
Zapadno-hercegovački kanton,FBiH,2020-05-10,85,4,73,920,,
Zapadno-hercegovački kanton,FBiH,2020-05-11,85,4,76,946,,
Zapadno-hercegovački kanton,FBiH,2020-05-12,85,4,76,955,,
Zapadno-hercegovački kanton,FBiH,2020-05-13,86,4,76,967,,
Zapadno-hercegovački kanton,FBiH,2020-05-14,86,4,76,976,,
Zapadno-hercegovački kanton,FBiH,2020-05-15,86,4,76,987,,
Zapadno-hercegovački kanton,FBiH,2020-05-16,86,4,77,988,,
Zapadno-hercegovački kanton,FBiH,2020-05-17,86,4,77,988,,
Zapadno-hercegovački kanton,FBiH,2020-05-18,86,4,79,1019,,
Zapadno-hercegovački kanton,FBiH,2020-05-19,86,4,79,1060,,
Zapadno-hercegovački kanton,FBiH,2020-05-20,86,4,80,1066,,
Zapadno-hercegovački kanton,FBiH,2020-05-21,86,4,80,1077,,
Zapadno-hercegovački kanton,FBiH,2020-05-22,86,4,80,1088,,
Zapadno-hercegovački kanton,FBiH,2020-05-23,86,4,80,1100,,
Zapadno-hercegovački kanton,FBiH,2020-05-24,86,4,80,1100,,
Zapadno-hercegovački kanton,FBiH,2020-05-25,86,4,80,1110,,
Zapadno-hercegovački kanton,FBiH,2020-05-26,86,4,82,1110,,
Zapadno-hercegovački kanton,FBiH,2020-05-27,86,4,82,1118,,
Zapadno-hercegovački kanton,FBiH,2020-05-28,86,4,82,1126,,
Zapadno-hercegovački kanton,FBiH,2020-05-29,86,4,82,1133,,
Zapadno-hercegovački kanton,FBiH,2020-05-30,86,4,82,1142,,
Zapadno-hercegovački kanton,FBiH,2020-05-31,86,4,82,1142,,
Zapadno-hercegovački kanton,FBiH,2020-06-01,86,4,82,1149,,
Zapadno-hercegovački kanton,FBiH,2020-06-02,86,4,82,1168,,
Zapadno-hercegovački kanton,FBiH,2020-06-03,86,4,82,1174,,
Zapadno-hercegovački kanton,FBiH,2020-06-04,86,4,82,1190,,
Zapadno-hercegovački kanton,FBiH,2020-06-05,86,4,82,1197,,
Zapadno-hercegovački kanton,FBiH,2020-06-06,86,4,82,1205,,
Zapadno-hercegovački kanton,FBiH,2020-06-07,86,4,82,1205,,
Zapadno-hercegovački kanton,FBiH,2020-06-08,86,4,82,1211,,
Zapadno-hercegovački kanton,FBiH,2020-06-09,86,4,82,1230,,
Zapadno-hercegovački kanton,FBiH,2020-06-10,86,4,82,1239,,
Zapadno-hercegovački kanton,FBiH,2020-06-11,86,4,82,1243,,
Zapadno-hercegovački kanton,FBiH,2020-06-12,86,4,82,1246,,
Zapadno-hercegovački kanton,FBiH,2020-06-13,86,4,82,1265,,
Zapadno-hercegovački kanton,FBiH,2020-06-14,86,4,82,1265,,
Zapadno-hercegovački kanton,FBiH,2020-06-15,86,4,82,1268,,
Zapadno-hercegovački kanton,FBiH,2020-06-16,86,4,82,1286,,
Zapadno-hercegovački kanton,FBiH,2020-06-17,86,4,82,1300,,
Zapadno-hercegovački kanton,FBiH,2020-06-18,86,4,82,1313,,
Zapadno-hercegovački kanton,FBiH,2020-06-19,86,4,82,1319,,
Zapadno-hercegovački kanton,FBiH,2020-06-20,86,4,82,1341,,
Zapadno-hercegovački kanton,FBiH,2020-06-21,86,4,82,1341,,
Zapadno-hercegovački kanton,FBiH,2020-06-22,86,4,82,1361,,
Zapadno-hercegovački kanton,FBiH,2020-06-23,86,4,82,1381,,
Zapadno-hercegovački kanton,FBiH,2020-06-24,86,4,82,1388,,
Zapadno-hercegovački kanton,FBiH,2020-06-25,87,4,82,1393,,
Zapadno-hercegovački kanton,FBiH,2020-06-26,90,4,82,1402,,
Zapadno-hercegovački kanton,FBiH,2020-06-27,90,4,82,1406,,
Zapadno-hercegovački kanton,FBiH,2020-06-28,90,4,82,1406,,
Zapadno-hercegovački kanton,FBiH,2020-06-29,94,4,82,1451,,
Zapadno-hercegovački kanton,FBiH,2020-06-30,95,4,82,1498,,
Zapadno-hercegovački kanton,FBiH,2020-07-01,95,4,84,1506,,
Zapadno-hercegovački kanton,FBiH,2020-07-02,96,4,84,1529,,
Zapadno-hercegovački kanton,FBiH,2020-07-03,96,4,84,1540,,
Zapadno-hercegovački kanton,FBiH,2020-07-04,96,4,84,1548,,
Zapadno-hercegovački kanton,FBiH,2020-07-05,96,4,84,1566,,
Zapadno-hercegovački kanton,FBiH,2020-07-06,97,4,84,1583,,
Zapadno-hercegovački kanton,FBiH,2020-07-07,97,4,84,1621,,
Zapadno-hercegovački kanton,FBiH,2020-07-08,97,4,84,1628,,
Zapadno-hercegovački kanton,FBiH,2020-07-09,97,4,89,1643,,
Zapadno-hercegovački kanton,FBiH,2020-07-10,99,4,89,1661,,
Zapadno-hercegovački kanton,FBiH,2020-07-11,99,4,89,1676,,
Zapadno-hercegovački kanton,FBiH,2020-07-12,100,4,89,1694,,
Zapadno-hercegovački kanton,FBiH,2020-07-13,100,4,89,1696,,
Zapadno-hercegovački kanton,FBiH,2020-07-14,101,4,90,1727,,
Zapadno-hercegovački kanton,FBiH,2020-07-15,107,4,90,1746,,
Zapadno-hercegovački kanton,FBiH,2020-07-16,111,4,92,1776,,
Zapadno-hercegovački kanton,FBiH,2020-07-17,112,4,92,1798,,
Zapadno-hercegovački kanton,FBiH,2020-07-18,117,4,93,1831,,
Zapadno-hercegovački kanton,FBiH,2020-07-19,117,4,93,1837,,
Zapadno-hercegovački kanton,FBiH,2020-07-20,117,4,94,1845,,
Zapadno-hercegovački kanton,FBiH,2020-07-21,124,4,94,1889,,
Zapadno-hercegovački kanton,FBiH,2020-07-22,126,4,94,1898,,
Zapadno-hercegovački kanton,FBiH,2020-07-23,130,4,94,1933,,
Zapadno-hercegovački kanton,FBiH,2020-07-24,131,4,94,1953,,
Zapadno-hercegovački kanton,FBiH,2020-07-25,132,4,95,1975,,
Zapadno-hercegovački kanton,FBiH,2020-07-26,132,4,96,1983,,
Zapadno-hercegovački kanton,FBiH,2020-07-27,132,4,96,1997,,
Zapadno-hercegovački kanton,FBiH,2020-07-28,135,4,96,2028,,
Zapadno-hercegovački kanton,FBiH,2020-07-29,135,4,96,2040,,
Zapadno-hercegovački kanton,FBiH,2020-07-30,141,4,98,2084,,
Zapadno-hercegovački kanton,FBiH,2020-07-31,143,4,100,2110,,
Zapadno-hercegovački kanton,FBiH,2020-08-01,144,4,103,2136,,
Zapadno-hercegovački kanton,FBiH,2020-08-02,144,4,104,2144,,
Zapadno-hercegovački kanton,FBiH,2020-08-03,146,4,107,2160,,
Zapadno-hercegovački kanton,FBiH,2020-08-04,148,4,108,2188,,
Zapadno-hercegovački kanton,FBiH,2020-08-05,162,5,110,2216,,
Zapadno-hercegovački kanton,FBiH,2020-08-06,173,5,110,2228,,
Zapadno-hercegovački kanton,FBiH,2020-08-07,175,5,111,2259,,
Zapadno-hercegovački kanton,FBiH,2020-08-08,177,5,111,2272,,
Zapadno-hercegovački kanton,FBiH,2020-08-09,177,5,111,2277,,
Zapadno-hercegovački kanton,FBiH,2020-08-10,177,5,111,2277,,
Kanton Sarajevo,FBiH,2020-02-21,0,0,0,0,,
Kanton Sarajevo,FBiH,2020-02-22,0,0,0,0,,
Kanton Sarajevo,FBiH,2020-02-23,0,0,0,0,,
Kanton Sarajevo,FBiH,2020-02-24,0,0,0,0,,
Kanton Sarajevo,FBiH,2020-02-25,0,0,0,0,,
Kanton Sarajevo,FBiH,2020-02-26,0,0,0,0,,
Kanton Sarajevo,FBiH,2020-02-27,0,0,0,0,,
Kanton Sarajevo,FBiH,2020-02-28,0,0,0,0,,
Kanton Sarajevo,FBiH,2020-02-29,0,0,0,0,,
Kanton Sarajevo,FBiH,2020-03-01,0,0,0,0,,
Kanton Sarajevo,FBiH,2020-03-02,0,0,0,0,,
Kanton Sarajevo,FBiH,2020-03-03,0,0,0,0,,
Kanton Sarajevo,FBiH,2020-03-04,0,0,0,0,,
Kanton Sarajevo,FBiH,2020-03-05,0,0,0,1,,
Kanton Sarajevo,FBiH,2020-03-06,0,0,0,2,,
Kanton Sarajevo,FBiH,2020-03-07,0,0,0,3,,
Kanton Sarajevo,FBiH,2020-03-08,0,0,0,4,,
Kanton Sarajevo,FBiH,2020-03-09,0,0,0,9,,
Kanton Sarajevo,FBiH,2020-03-10,0,0,0,9,,
Kanton Sarajevo,FBiH,2020-03-11,0,0,0,10,,
Kanton Sarajevo,FBiH,2020-03-12,0,0,0,11,,
Kanton Sarajevo,FBiH,2020-03-13,0,0,0,13,,
Kanton Sarajevo,FBiH,2020-03-14,0,0,0,17,,
Kanton Sarajevo,FBiH,2020-03-15,0,0,0,20,,
Kanton Sarajevo,FBiH,2020-03-16,0,0,0,21,,
Kanton Sarajevo,FBiH,2020-03-17,0,0,0,33,,
Kanton Sarajevo,FBiH,2020-03-18,0,0,0,36,,
Kanton Sarajevo,FBiH,2020-03-19,0,0,0,43,,
Kanton Sarajevo,FBiH,2020-03-20,3,0,0,52,,
Kanton Sarajevo,FBiH,2020-03-21,3,0,0,54,,
Kanton Sarajevo,FBiH,2020-03-22,3,0,0,56,,
Kanton Sarajevo,FBiH,2020-03-23,3,0,0,60,,
Kanton Sarajevo,FBiH,2020-03-24,5,0,0,65,,
Kanton Sarajevo,FBiH,2020-03-25,9,1,0,75,,
Kanton Sarajevo,FBiH,2020-03-26,11,1,0,82,,
Kanton Sarajevo,FBiH,2020-03-27,11,1,0,89,,
Kanton Sarajevo,FBiH,2020-03-28,18,1,1,109,,
Kanton Sarajevo,FBiH,2020-03-29,18,1,1,116,,
Kanton Sarajevo,FBiH,2020-03-30,24,1,1,208,,
Kanton Sarajevo,FBiH,2020-03-31,26,1,1,229,,
Kanton Sarajevo,FBiH,2020-04-01,32,1,1,320,,
Kanton Sarajevo,FBiH,2020-04-02,38,2,1,407,,
Kanton Sarajevo,FBiH,2020-04-03,38,3,1,511,,
Kanton Sarajevo,FBiH,2020-04-04,39,3,2,588,,
Kanton Sarajevo,FBiH,2020-04-05,47,4,2,703,,
Kanton Sarajevo,FBiH,2020-04-06,49,4,2,741,,
Kanton Sarajevo,FBiH,2020-04-07,54,4,3,823,,
Kanton Sarajevo,FBiH,2020-04-08,55,4,5,946,,
Kanton Sarajevo,FBiH,2020-04-09,55,4,6,1090,,
Kanton Sarajevo,FBiH,2020-04-10,58,4,7,1126,,
Kanton Sarajevo,FBiH,2020-04-11,59,4,7,1180,,
Kanton Sarajevo,FBiH,2020-04-12,62,4,9,1270,,
Kanton Sarajevo,FBiH,2020-04-13,68,4,9,1312,,
Kanton Sarajevo,FBiH,2020-04-14,75,4,11,1484,,
Kanton Sarajevo,FBiH,2020-04-15,85,4,16,1649,,
Kanton Sarajevo,FBiH,2020-04-16,87,4,20,1814,,
Kanton Sarajevo,FBiH,2020-04-17,88,4,29,1943,,
Kanton Sarajevo,FBiH,2020-04-18,92,4,29,2048,,
Kanton Sarajevo,FBiH,2020-04-19,93,4,30,2107,,
Kanton Sarajevo,FBiH,2020-04-20,97,6,36,2231,,
Kanton Sarajevo,FBiH,2020-04-21,97,6,39,2362,,
Kanton Sarajevo,FBiH,2020-04-22,100,6,39,2557,,
Kanton Sarajevo,FBiH,2020-04-23,102,6,41,2817,,
Kanton Sarajevo,FBiH,2020-04-24,103,6,43,3021,,
Kanton Sarajevo,FBiH,2020-04-25,104,6,50,3246,,
Kanton Sarajevo,FBiH,2020-04-26,104,6,51,3338,,
Kanton Sarajevo,FBiH,2020-04-27,106,6,58,3461,,
Kanton Sarajevo,FBiH,2020-04-28,106,6,62,3564,,
Kanton Sarajevo,FBiH,2020-04-29,109,6,65,3695,,
Kanton Sarajevo,FBiH,2020-04-30,109,6,71,3826,,
Kanton Sarajevo,FBiH,2020-05-01,109,6,73,3934,,
Kanton Sarajevo,FBiH,2020-05-02,109,6,76,3984,,
Kanton Sarajevo,FBiH,2020-05-03,109,6,76,4015,,
Kanton Sarajevo,FBiH,2020-05-04,109,6,84,4099,,
Kanton Sarajevo,FBiH,2020-05-05,109,6,87,4236,,
Kanton Sarajevo,FBiH,2020-05-06,110,6,88,4354,,
Kanton Sarajevo,FBiH,2020-05-07,110,6,89,4460,,
Kanton Sarajevo,FBiH,2020-05-08,110,6,92,4589,,
Kanton Sarajevo,FBiH,2020-05-09,110,6,93,4655,,
Kanton Sarajevo,FBiH,2020-05-10,110,6,93,4718,,
Kanton Sarajevo,FBiH,2020-05-11,110,6,96,4845,,
Kanton Sarajevo,FBiH,2020-05-12,110,6,96,4947,,
Kanton Sarajevo,FBiH,2020-05-13,111,6,97,5005,,
Kanton Sarajevo,FBiH,2020-05-14,112,6,97,5263,,
Kanton Sarajevo,FBiH,2020-05-15,113,6,98,5501,,
Kanton Sarajevo,FBiH,2020-05-16,113,6,99,5901,,
Kanton Sarajevo,FBiH,2020-05-17,113,6,102,6194,,
Kanton Sarajevo,FBiH,2020-05-18,114,6,102,6606,,
Kanton Sarajevo,FBiH,2020-05-19,115,6,103,6899,,
Kanton Sarajevo,FBiH,2020-05-20,115,6,105,7152,,
Kanton Sarajevo,FBiH,2020-05-21,115,6,105,7286,,
Kanton Sarajevo,FBiH,2020-05-22,115,6,108,7494,,
Kanton Sarajevo,FBiH,2020-05-23,115,6,108,7616,,
Kanton Sarajevo,FBiH,2020-05-24,115,6,109,7639,,
Kanton Sarajevo,FBiH,2020-05-25,115,6,109,7670,,
Kanton Sarajevo,FBiH,2020-05-26,115,6,109,7785,,
Kanton Sarajevo,FBiH,2020-05-27,116,6,109,7849,,
Kanton Sarajevo,FBiH,2020-05-28,116,6,110,7875,,
Kanton Sarajevo,FBiH,2020-05-29,116,6,110,7947,,
Kanton Sarajevo,FBiH,2020-05-30,116,6,111,8029,,
Kanton Sarajevo,FBiH,2020-05-31,116,6,111,8062,,
Kanton Sarajevo,FBiH,2020-06-01,116,6,111,8092,,
Kanton Sarajevo,FBiH,2020-06-02,116,6,111,8170,,
Kanton Sarajevo,FBiH,2020-06-03,117,6,111,8280,,
Kanton Sarajevo,FBiH,2020-06-04,117,6,111,8334,,
Kanton Sarajevo,FBiH,2020-06-05,118,6,111,8454,,
Kanton Sarajevo,FBiH,2020-06-06,118,6,111,8536,,
Kanton Sarajevo,FBiH,2020-06-07,118,6,111,8610,,
Kanton Sarajevo,FBiH,2020-06-08,119,6,111,8701,,
Kanton Sarajevo,FBiH,2020-06-09,122,6,111,8766,,
Kanton Sarajevo,FBiH,2020-06-10,139,6,111,8946,,
Kanton Sarajevo,FBiH,2020-06-11,147,6,111,9108,,
Kanton Sarajevo,FBiH,2020-06-12,148,6,111,9229,,
Kanton Sarajevo,FBiH,2020-06-13,151,6,111,9374,,
Kanton Sarajevo,FBiH,2020-06-14,151,6,111,9535,,
Kanton Sarajevo,FBiH,2020-06-15,157,6,112,9694,,
Kanton Sarajevo,FBiH,2020-06-16,167,6,112,9848,,
Kanton Sarajevo,FBiH,2020-06-17,172,6,113,9999,,
Kanton Sarajevo,FBiH,2020-06-18,189,6,114,10145,,
Kanton Sarajevo,FBiH,2020-06-19,193,6,114,10367,,
Kanton Sarajevo,FBiH,2020-06-20,213,6,114,10547,,
Kanton Sarajevo,FBiH,2020-06-21,228,6,114,10702,,
Kanton Sarajevo,FBiH,2020-06-22,240,6,117,10897,,
Kanton Sarajevo,FBiH,2020-06-23,254,6,119,11102,,
Kanton Sarajevo,FBiH,2020-06-24,271,6,119,11209,,
Kanton Sarajevo,FBiH,2020-06-25,307,6,121,11528,,
Kanton Sarajevo,FBiH,2020-06-26,315,6,123,11956,,
Kanton Sarajevo,FBiH,2020-06-27,353,6,123,12093,,
Kanton Sarajevo,FBiH,2020-06-28,388,6,123,12384,,
Kanton Sarajevo,FBiH,2020-06-29,418,6,136,12548,,
Kanton Sarajevo,FBiH,2020-06-30,456,7,136,12718,,
Kanton Sarajevo,FBiH,2020-07-01,506,7,136,13141,,
Kanton Sarajevo,FBiH,2020-07-02,557,7,136,13632,,
Kanton Sarajevo,FBiH,2020-07-03,641,7,152,14037,,
Kanton Sarajevo,FBiH,2020-07-04,679,7,152,14246,,
Kanton Sarajevo,FBiH,2020-07-05,693,7,152,14478,,
Kanton Sarajevo,FBiH,2020-07-06,706,9,178,14689,,
Kanton Sarajevo,FBiH,2020-07-07,769,9,179,15081,,
Kanton Sarajevo,FBiH,2020-07-08,807,9,189,15498,,
Kanton Sarajevo,FBiH,2020-07-09,893,12,205,15866,,
Kanton Sarajevo,FBiH,2020-07-10,953,13,218,16242,,
Kanton Sarajevo,FBiH,2020-07-11,1009,13,218,16482,,
Kanton Sarajevo,FBiH,2020-07-12,1028,13,218,16572,,
Kanton Sarajevo,FBiH,2020-07-13,1104,14,220,16864,,
Kanton Sarajevo,FBiH,2020-07-14,1140,14,221,17102,,
Kanton Sarajevo,FBiH,2020-07-15,1230,15,259,17467,,
Kanton Sarajevo,FBiH,2020-07-16,1276,16,259,17834,,
Kanton Sarajevo,FBiH,2020-07-17,1350,18,259,18229,,
Kanton Sarajevo,FBiH,2020-07-18,1422,19,259,18392,,
Kanton Sarajevo,FBiH,2020-07-19,1481,19,372,18520,,
Kanton Sarajevo,FBiH,2020-07-20,1537,20,433,18805,,
Kanton Sarajevo,FBiH,2020-07-21,1620,22,475,19149,,
Kanton Sarajevo,FBiH,2020-07-22,1698,22,522,19518,,
Kanton Sarajevo,FBiH,2020-07-23,1771,23,599,19849,,
Kanton Sarajevo,FBiH,2020-07-24,1851,25,665,20225,,
Kanton Sarajevo,FBiH,2020-07-25,1907,25,717,20532,,
Kanton Sarajevo,FBiH,2020-07-26,1981,25,717,20645,,
Kanton Sarajevo,FBiH,2020-07-27,2080,27,745,20962,,
Kanton Sarajevo,FBiH,2020-07-28,2141,29,850,21320,,
Kanton Sarajevo,FBiH,2020-07-29,2209,31,937,21723,,
Kanton Sarajevo,FBiH,2020-07-30,2362,34,1143,22263,,
Kanton Sarajevo,FBiH,2020-07-31,2431,38,1160,22647,,
Kanton Sarajevo,FBiH,2020-08-01,2471,39,1160,22720,,
Kanton Sarajevo,FBiH,2020-08-02,2538,39,1160,22900,,
Kanton Sarajevo,FBiH,2020-08-03,2684,39,1254,23339,,
Kanton Sarajevo,FBiH,2020-08-04,2791,42,1349,23771,,
Kanton Sarajevo,FBiH,2020-08-05,2855,42,1357,23990,,
Kanton Sarajevo,FBiH,2020-08-06,2924,42,1527,24106,,
Kanton Sarajevo,FBiH,2020-08-07,3006,45,1537,24366,,
Kanton Sarajevo,FBiH,2020-08-08,3064,50,1720,24558,,
Kanton Sarajevo,FBiH,2020-08-09,3094,51,1770,24657,,
Kanton Sarajevo,FBiH,2020-08-10,3095,52,1770,24682,,
Kanton 10,FBiH,2020-02-21,0,0,0,0,,
Kanton 10,FBiH,2020-02-22,0,0,0,0,,
Kanton 10,FBiH,2020-02-23,0,0,0,0,,
Kanton 10,FBiH,2020-02-24,0,0,0,0,,
Kanton 10,FBiH,2020-02-25,0,0,0,0,,
Kanton 10,FBiH,2020-02-26,0,0,0,0,,
Kanton 10,FBiH,2020-02-27,0,0,0,0,,
Kanton 10,FBiH,2020-02-28,0,0,0,0,,
Kanton 10,FBiH,2020-02-29,0,0,0,0,,
Kanton 10,FBiH,2020-03-01,0,0,0,0,,
Kanton 10,FBiH,2020-03-02,0,0,0,0,,
Kanton 10,FBiH,2020-03-03,0,0,0,0,,
Kanton 10,FBiH,2020-03-04,0,0,0,0,,
Kanton 10,FBiH,2020-03-05,0,0,0,0,,
Kanton 10,FBiH,2020-03-06,0,0,0,0,,
Kanton 10,FBiH,2020-03-07,0,0,0,0,,
Kanton 10,FBiH,2020-03-08,0,0,0,0,,
Kanton 10,FBiH,2020-03-09,0,0,0,0,,
Kanton 10,FBiH,2020-03-10,0,0,0,0,,
Kanton 10,FBiH,2020-03-11,0,0,0,0,,
Kanton 10,FBiH,2020-03-12,0,0,0,0,,
Kanton 10,FBiH,2020-03-13,0,0,0,0,,
Kanton 10,FBiH,2020-03-14,0,0,0,0,,
Kanton 10,FBiH,2020-03-15,0,0,0,0,,
Kanton 10,FBiH,2020-03-16,0,0,0,0,,
Kanton 10,FBiH,2020-03-17,0,0,0,0,,
Kanton 10,FBiH,2020-03-18,0,0,0,0,,
Kanton 10,FBiH,2020-03-19,0,0,0,1,,
Kanton 10,FBiH,2020-03-20,0,0,0,1,,
Kanton 10,FBiH,2020-03-21,0,0,0,1,,
Kanton 10,FBiH,2020-03-22,0,0,0,1,,
Kanton 10,FBiH,2020-03-23,0,0,0,1,,
Kanton 10,FBiH,2020-03-24,0,0,0,6,,
Kanton 10,FBiH,2020-03-25,0,0,0,7,,
Kanton 10,FBiH,2020-03-26,0,0,0,7,,
Kanton 10,FBiH,2020-03-27,0,0,0,12,,
Kanton 10,FBiH,2020-03-28,0,0,0,12,,
Kanton 10,FBiH,2020-03-29,0,0,0,14,,
Kanton 10,FBiH,2020-03-30,0,0,0,14,,
Kanton 10,FBiH,2020-03-31,0,0,0,16,,
Kanton 10,FBiH,2020-04-01,0,0,0,16,,
Kanton 10,FBiH,2020-04-02,0,0,0,16,,
Kanton 10,FBiH,2020-04-03,0,0,0,23,,
Kanton 10,FBiH,2020-04-04,1,0,0,25,,
Kanton 10,FBiH,2020-04-05,5,0,0,32,,
Kanton 10,FBiH,2020-04-06,6,0,0,34,,
Kanton 10,FBiH,2020-04-07,10,0,0,46,,
Kanton 10,FBiH,2020-04-08,12,0,0,48,,
Kanton 10,FBiH,2020-04-09,15,0,0,52,,
Kanton 10,FBiH,2020-04-10,19,0,0,66,,
Kanton 10,FBiH,2020-04-11,22,1,0,71,,
Kanton 10,FBiH,2020-04-12,25,1,0,83,,
Kanton 10,FBiH,2020-04-13,25,1,0,99,,
Kanton 10,FBiH,2020-04-14,25,1,1,99,,
Kanton 10,FBiH,2020-04-15,29,1,1,115,,
Kanton 10,FBiH,2020-04-16,29,1,1,129,,
Kanton 10,FBiH,2020-04-17,36,1,1,138,,
Kanton 10,FBiH,2020-04-18,36,1,1,157,,
Kanton 10,FBiH,2020-04-19,36,1,1,171,,
Kanton 10,FBiH,2020-04-20,36,1,1,171,,
Kanton 10,FBiH,2020-04-21,37,1,2,190,,
Kanton 10,FBiH,2020-04-22,38,1,2,196,,
Kanton 10,FBiH,2020-04-23,38,1,2,200,,
Kanton 10,FBiH,2020-04-24,41,1,2,212,,
Kanton 10,FBiH,2020-04-25,41,1,3,227,,
Kanton 10,FBiH,2020-04-26,41,1,3,247,,
Kanton 10,FBiH,2020-04-27,41,1,3,247,,
Kanton 10,FBiH,2020-04-28,41,1,4,267,,
Kanton 10,FBiH,2020-04-29,41,1,4,273,,
Kanton 10,FBiH,2020-04-30,41,1,4,288,,
Kanton 10,FBiH,2020-05-01,41,1,5,293,,
Kanton 10,FBiH,2020-05-02,41,1,5,294,,
Kanton 10,FBiH,2020-05-03,41,1,5,296,,
Kanton 10,FBiH,2020-05-04,41,1,5,297,,
Kanton 10,FBiH,2020-05-05,41,1,5,310,,
Kanton 10,FBiH,2020-05-06,41,1,5,319,,
Kanton 10,FBiH,2020-05-07,41,1,13,355,,
Kanton 10,FBiH,2020-05-08,41,1,24,369,,
Kanton 10,FBiH,2020-05-09,41,1,28,380,,
Kanton 10,FBiH,2020-05-10,41,1,29,382,,
Kanton 10,FBiH,2020-05-11,41,2,35,400,,
Kanton 10,FBiH,2020-05-12,41,2,35,405,,
Kanton 10,FBiH,2020-05-13,41,2,37,408,,
Kanton 10,FBiH,2020-05-14,41,2,37,411,,
Kanton 10,FBiH,2020-05-15,41,2,37,425,,
Kanton 10,FBiH,2020-05-16,41,2,37,425,,
Kanton 10,FBiH,2020-05-17,41,2,37,425,,
Kanton 10,FBiH,2020-05-18,41,2,37,425,,
Kanton 10,FBiH,2020-05-19,41,2,38,433,,
Kanton 10,FBiH,2020-05-20,41,2,38,438,,
Kanton 10,FBiH,2020-05-21,41,2,38,441,,
Kanton 10,FBiH,2020-05-22,41,2,39,450,,
Kanton 10,FBiH,2020-05-23,41,2,39,450,,
Kanton 10,FBiH,2020-05-24,41,2,39,450,,
Kanton 10,FBiH,2020-05-25,41,2,39,451,,
Kanton 10,FBiH,2020-05-26,41,2,39,451,,
Kanton 10,FBiH,2020-05-27,41,2,39,468,,
Kanton 10,FBiH,2020-05-28,41,2,39,471,,
Kanton 10,FBiH,2020-05-29,41,2,39,474,,
Kanton 10,FBiH,2020-05-30,41,2,39,479,,
Kanton 10,FBiH,2020-05-31,41,2,39,479,,
Kanton 10,FBiH,2020-06-01,41,2,39,479,,
Kanton 10,FBiH,2020-06-02,41,2,39,488,,
Kanton 10,FBiH,2020-06-03,41,2,39,494,,
Kanton 10,FBiH,2020-06-04,41,2,39,502,,
Kanton 10,FBiH,2020-06-05,41,2,39,508,,
Kanton 10,FBiH,2020-06-06,41,2,39,510,,
Kanton 10,FBiH,2020-06-07,41,2,39,510,,
Kanton 10,FBiH,2020-06-08,41,2,39,512,,
Kanton 10,FBiH,2020-06-09,41,2,39,521,,
Kanton 10,FBiH,2020-06-10,41,2,39,521,,
Kanton 10,FBiH,2020-06-11,41,2,39,525,,
Kanton 10,FBiH,2020-06-12,41,2,39,531,,
Kanton 10,FBiH,2020-06-13,41,2,39,531,,
Kanton 10,FBiH,2020-06-14,41,2,39,531,,
Kanton 10,FBiH,2020-06-15,41,2,39,531,,
Kanton 10,FBiH,2020-06-16,41,2,39,542,,
Kanton 10,FBiH,2020-06-17,41,2,39,546,,
Kanton 10,FBiH,2020-06-18,41,2,39,547,,
Kanton 10,FBiH,2020-06-19,41,2,39,549,,
Kanton 10,FBiH,2020-06-20,41,2,39,552,,
Kanton 10,FBiH,2020-06-21,41,2,39,552,,
Kanton 10,FBiH,2020-06-22,41,2,39,555,,
Kanton 10,FBiH,2020-06-23,41,2,39,559,,
Kanton 10,FBiH,2020-06-24,41,2,39,559,,
Kanton 10,FBiH,2020-06-25,41,2,39,566,,
Kanton 10,FBiH,2020-06-26,41,2,39,567,,
Kanton 10,FBiH,2020-06-27,41,2,39,568,,
Kanton 10,FBiH,2020-06-28,41,2,39,568,,
Kanton 10,FBiH,2020-06-29,41,2,39,616,,
Kanton 10,FBiH,2020-06-30,43,2,39,629,,
Kanton 10,FBiH,2020-07-01,43,2,39,634,,
Kanton 10,FBiH,2020-07-02,45,2,39,662,,
Kanton 10,FBiH,2020-07-03,45,2,39,662,,
Kanton 10,FBiH,2020-07-04,45,2,39,667,,
Kanton 10,FBiH,2020-07-05,45,2,39,701,,
Kanton 10,FBiH,2020-07-06,45,2,39,712,,
Kanton 10,FBiH,2020-07-07,45,2,39,722,,
Kanton 10,FBiH,2020-07-08,45,2,39,729,,
Kanton 10,FBiH,2020-07-09,45,2,39,735,,
Kanton 10,FBiH,2020-07-10,45,2,39,755,,
Kanton 10,FBiH,2020-07-11,45,2,39,755,,
Kanton 10,FBiH,2020-07-12,45,2,39,756,,
Kanton 10,FBiH,2020-07-13,45,2,39,756,,
Kanton 10,FBiH,2020-07-14,45,2,39,765,,
Kanton 10,FBiH,2020-07-15,45,2,39,767,,
Kanton 10,FBiH,2020-07-16,46,2,39,777,,
Kanton 10,FBiH,2020-07-17,47,2,39,802,,
Kanton 10,FBiH,2020-07-18,49,2,39,822,,
Kanton 10,FBiH,2020-07-19,49,2,42,827,,
Kanton 10,FBiH,2020-07-20,49,2,43,831,,
Kanton 10,FBiH,2020-07-21,50,2,43,852,,
Kanton 10,FBiH,2020-07-22,51,2,43,870,,
Kanton 10,FBiH,2020-07-23,55,2,43,904,,
Kanton 10,FBiH,2020-07-24,56,2,44,911,,
Kanton 10,FBiH,2020-07-25,56,2,44,912,,
Kanton 10,FBiH,2020-07-26,59,2,44,942,,
Kanton 10,FBiH,2020-07-27,59,2,44,946,,
Kanton 10,FBiH,2020-07-28,60,2,46,991,,
Kanton 10,FBiH,2020-07-29,60,2,46,993,,
Kanton 10,FBiH,2020-07-30,63,2,46,1018,,
Kanton 10,FBiH,2020-07-31,63,2,46,1018,,
Kanton 10,FBiH,2020-08-01,66,2,48,1056,,
Kanton 10,FBiH,2020-08-02,71,2,51,1092,,
Kanton 10,FBiH,2020-08-03,71,2,51,1093,,
Kanton 10,FBiH,2020-08-04,75,2,52,1130,,
Kanton 10,FBiH,2020-08-05,75,2,52,1132,,
Kanton 10,FBiH,2020-08-06,76,2,52,1133,,
Kanton 10,FBiH,2020-08-07,77,2,52,1139,,
Kanton 10,FBiH,2020-08-08,80,2,53,1153,,
Kanton 10,FBiH,2020-08-09,81,2,53,1157,,
Kanton 10,FBiH,2020-08-10,81,2,53,1157,,
